{
    "Schema": "1.0",
    "Mapping": [
        {
            "Field": "Name",
            "IsAnalyzed": true,
            "IsSortable": true,
            "Type": "String",
            "IsVisible": true,
            "JPath": [
                "Demographics.PersonName.GivenNameOne",
				"Demographics.PersonName.GivenNameTwo",
                "Demographics.PersonName.FamilyName",
                "Demographics.OrganizationName.Name"
            ],
            "UI": {
                "Label": "Name"
            }
        },
        {
            "Field": "SourceId",
            "IsAnalyzed": false,
            "Type": "String",
            "IsVisible": false,
            "UI": {
                "Label": "Source Name"
            }
        },
        {
            "Field": "SourceName",
            "IsAnalyzed": false,
            "Type": "String",
            "IsVisible": true,
            "UI": {
                "Label": "Source Name"
            }
        },
        {
            "Field": "SourceKey",
            "IsAnalyzed": false,
            "Type": "String",
            "IsVisible": true,
            "UI": {
                "Label": "Source Key"
            }
        },
        {
            "Field": "Location",
            "IsAnalyzed": true,
            "IsSortable": true,
            "Type": "String",
            "IsVisible": true,
            "JPath": [
                "Demographics.Address.CityName",
                "Demographics.Address.State",
                "Demographics.Address.Country"
            ],
            "UI": {
                "Label": "Location"
            }
        },
        {
            "Field": "Product",
            "IsAnalyzed": true,
            "Type": "String",
            "IsVisible": false,
            "JPath": [
                "Transactions.Transaction.TransactionItem.ProductName"
            ],
            "UI": {
                "Label": "Owns Product"
            }
        },
        {
            "Field": "Mention",
            "IsAnalyzed": true,
            "Type": "String",
            "IsVisible": false,
            "JPath": [
                "SocialInteractions.Mentions.ProductMention.ProductName",
                "SocialInteractions.Mentions.CompanyMention.CompanyName",
                "SocialInteractions.Mentions.KeywordMention.Keyword"
            ],
            "UI": {
                "Label": "Mentions"
            }
        },
        {
            "Field": "EntityType",
            "IsAnalyzed": false,
            "Type": "String",
            "IsVisible": true,
            "Script": {
                "Lang": "MVEL",
                "Function": "if (demographics == null) { return \"P\";} else if (demographics.?person.size() > 0 || demographics.?personName.size() > 0) { return \"P\";} else if (demographics.?organization.size() > 0 || demographics.?organizationName.size() > 0) { return \"O\";} else { return \"P\";}"
            },
            "UI": {
                "Label": "Entity Type",
                "Select": [
                    {
                        "Key": "P",
                        "Label": "Person"
                    },
                    {
                        "Key": "O",
                        "Label": "Organization"
                    }
                ]
            }
        },
        {
            "Field": "PhoneNumber",
            "IsAnalyzed": false,
            "IsSortable": true,
            "Type": "String",
            "IsVisible": true,
            "JPath": [
                "Demographics.PhoneNumber.FullNumber"
            ],
            "UI": {
                "Label": "Phone Number"
            }
        },
        {
            "Field": "Email",
            "IsAnalyzed": false,
            "IsSortable": true,
            "Type": "String",
            "IsVisible": true,
            "JPath": [
                "Demographics.Email.EmailAddress"
            ],
            "UI": {
                "Label": "Email Address"
            }
        },
        {
            "Field": "Identifier",
            "IsAnalyzed": false,
            "IsSortable": true,
            "Type": "String",
            "IsVisible": true,
            "JPath": [
                "Demographics.Identifier.IdentifierValue"
            ],
            "UI": {
                "Label": "Identifier"
            }
        },
        {
            "Field": "BirthDate",
            "IsAnalyzed": false,
            "IsSortable": true,
            "Type": "String",
            "IsVisible": true,
            "JPath": [
                "Demographics.Person.BirthDate"
            ],
            "UI": {
                "Label": "Birth Date"
            }
        },
        {
            "Field": "BusinessSegment",
            "IsAnalyzed": false,
            "IsSortable": true,
            "Type": "String",
            "IsVisible": false,
            "JPath": [
                "Demographics.Organization.BusinessSegment"
            ],
            "UI": {
                "Label": "Business Segment"
            }
        },
        {
            "Field": "CustomerCategory",
            "IsAnalyzed": false,
            "IsSortable": true,
            "Type": "String",
            "IsVisible": false,
            "JPath": [
                "Demographics.Organization.CustomerCategory"
            ],
            "UI": {
                "Label": "Customer Category"
            }
        },
        {
            "Field": "ChatPurpose",
            "IsAnalyzed": false,
            "IsSortable": true,
            "Type": "String",
            "IsVisible": false,
            "JPath": [
                "Interactions.Webchat.ChatPurpose"
            ],
            "UI": {
                "Label": "Chat Purpose"
            }
        },
        {
            "Field": "Subject",
            "IsAnalyzed": false,
            "IsSortable": true,
            "Type": "String",
            "IsVisible": false,
            "JPath": [
                "Interactions.EmailFromParty.Subject"
            ],
            "UI": {
                "Label": "Subject"
            }
        },
        {
            "Field": "AgentNotes",
            "IsAnalyzed": false,
            "IsSortable": true,
            "Type": "String",
            "IsVisible": false,
            "JPath": [
                "Interactions.EmailFromParty.AgentNotes",
                "Interactions.Webchat.AgentNotes"
            ],
            "UI": {
                "Label": "Agent Notes"
            }
        }
    ]
}
