{
  "enrichmentFunctions" : [ {
    "enrichmentFunctionID" : 10000,
    "description" : "Populating type of Social Handle",
    "javaClassName" : "com.account360i.enrichments.SocialHandleEnrichment",
    "outputHandlerIds" : [ 0 ]
  }, {
    "enrichmentFunctionID" : 10001,
    "description" : "Standardization of website URL",
    "javaClassName" : "com.account360i.enrichments.URLEnrichment",
    "outputHandlerIds" : [ 0 ]
  }, {
    "enrichmentFunctionID" : 10002,
    "description" : "Calculation of transaction amount",
    "javaClassName" : "com.account360i.enrichments.CalculateTransactionAmount",
    "outputHandlerIds" : [ 0 ]
  }, {
    "enrichmentFunctionID" : 10003,
    "description" : "Creation of organization hierarchy",
    "javaClassName" : "com.account360i.postenrichment.OrganizationHierarchy",
    "outputHandlerIds" : [ 0 ]
  }, {
    "enrichmentFunctionID" : 10004,
    "description" : "Getting Payment Behaviour",
    "javaClassName" : "com.account360i.postenrichment.PaymentBehaviourSummary",
    "outputHandlerIds" : [ 0, 10000 ]
  }, {
    "enrichmentFunctionID" : 10005,
    "description" : "Getting Interaction Behaviour",
    "javaClassName" : "com.account360i.postenrichment.InteractionBehaviourSummary",
    "outputHandlerIds" : [ 0, 10000 ]
  }, {
    "enrichmentFunctionID" : 10006,
    "description" : "Getting Account Summary",
    "javaClassName" : "com.account360i.postenrichment.AccountSummarySales",
    "outputHandlerIds" : [ 0, 10000 ]
  } ]
}