{
  "enrichmentFunctions" : [ {
    "enrichmentFunctionID" : 10000,
    "description" : "Populating type of Social Handle",
    "javaClassName" : "com.account360i.enrichments.SocialHandleEnrichment",
    "outputHandlerIds" : [ 0 ]
  }, {
    "enrichmentFunctionID" : 10001,
    "description" : "Standardization of website URL",
    "javaClassName" : "com.account360i.enrichments.URLEnrichment",
    "outputHandlerIds" : [ 0 ]
  }, {
    "enrichmentFunctionID" : 10002,
    "description" : "Calculation of transaction amount",
    "javaClassName" : "com.account360i.enrichments.CalculateTransactionAmount",
    "outputHandlerIds" : [ 0 ]
  }, {
    "enrichmentFunctionID" : 10003,
    "description" : "Creation of organization hierarchy",
    "javaClassName" : "com.account360i.postenrichment.OrganizationHierarchy",
    "outputHandlerIds" : [ 0 ]
  }, {
    "enrichmentFunctionID" : 10004,
    "description" : "Getting Payment Behaviour",
    "javaClassName" : "com.account360i.postenrichment.PaymentBehaviourPersona",
    "outputHandlerIds" : [ 0, 10000 ]
  }, {
    "enrichmentFunctionID" : 10005,
    "description" : "Getting Interaction Behavior Persona",
    "javaClassName" : "com.account360i.postenrichment.InteractionBehaviourPersona",
    "outputHandlerIds" : [ 0, 10000 ]
  }, {
    "enrichmentFunctionID" : 10006,
    "description" : "Getting Account Summary",
    "javaClassName" : "com.account360i.postenrichment.AccountSummarySales",
    "outputHandlerIds" : [ 0, 10000 ]
  }, {
    "enrichmentFunctionID" : 10007,
    "description" : "Getting Financial Potential",
    "javaClassName" : "com.account360i.postenrichment.FinancialPotentialSales",
    "outputHandlerIds" : [ 0, 10000 ]
  }, {
    "enrichmentFunctionID" : 10008,
    "description" : "Getting Financial Potential Summary",
    "javaClassName" : "com.account360i.postenrichment.FinancialPotentialSummarySales",
    "outputHandlerIds" : [ 0, 10000 ]
  }, {
    "enrichmentFunctionID" : 10009,
    "description" : "Getting Deal Behaviour",
    "javaClassName" : "com.account360i.postenrichment.DealBehavior",
    "outputHandlerIds" : [ 0, 10000 ]
  }, {
    "enrichmentFunctionID" : 10010,
    "description" : "Getting Deal Behaviour Product",
    "javaClassName" : "com.account360i.postenrichment.DealBehaviorProduct",
    "outputHandlerIds" : [ 0, 10000 ]
  }, {
    "enrichmentFunctionID" : 10011,
    "javaClassName" : "com.account360i.postenrichment.InteractionSummary",
    "outputHandlerIds" : [ 10000 ],
    "description" : "Getting Interaction Behavior"
  }, {
    "enrichmentFunctionID" : 10012,
    "description" : "Getting payment behaviour summary",
    "javaClassName" : "com.account360i.postenrichment.PaymentBehaviourPersonaSummary",
    "outputHandlerIds" : [ 10000 ]
  }, {
    "enrichmentFunctionID" : 10013,
    "description" : "Getting Deal Behaviour Summary",
    "javaClassName" : "com.account360i.postenrichment.DealSummary",
    "outputHandlerIds" : [ 10000 ]
  } ]
}