{
	"CC": {
		"Strategies": {
			"EXACTMATCH": "Exact Match",
			"SYNONYMMATCH": "Synonym Match",
			"FUZZYMATCH": "Fuzzy Match",
			"MISMATCH": "Mismatch",
			"MISSINGVALUE": "Missing Value",
			"STATEANDCOUNTRYMATCH": "State and Country Match",
			"COUNTRYONLYMATCH": "Country Match",
			"LOCATIONMATCH": "Location Match",
			"ADDRESSLINEMATCH": "Address Line Match",
            "NAMEANDINITIALMATCH":"Name to Initial Match",
            "INITIALANDINITIALMATCH":"Initial Match",
            "ABBREVIATIONMATCH": "Abbreviation Match"
		},
		"MatchGroups": {
			"FUZZYMATCH": [
				"FUZZYMATCH",
				"STATEANDCOUNTRYMATCH",
				"COUNTRYONLYMATCH",
				"SYNONYMMATCH"
			]
		},
		"Attributes": {
			"n3personname": "Person Name",
			"n3org_name": "Organization Name",
			"n3gender":"Gender",
			"n3bdate":"Date of Birth",
			"location": "Location",
			"n3email": "Email",
			"n3identifier": "Identifier",
			"n3phnumber": "Phone",
			"n3address_line": "Address"
		}
	},
	"CW": {
		"Strategies": {
			"EXACTMATCH": "Exact Match",
			"SYNONYMMATCH": "Synonym Match",
			"FUZZYMATCH": "Fuzzy Match",
			"MISMATCH": "Mismatch",
			"MISSINGVALUE": "Missing Value",
			"STATEANDCOUNTRYMATCH": "State and Country Match",
			"COUNTRYONLYMATCH": "Country Match",
			"LOCATIONMATCH": "Location Match",
			"ADDRESSLINEMATCH": "Address Line Match",
            "NAMEANDINITIALMATCH":"Name to Initial Match",
            "INITIALANDINITIALMATCH":"Initial Match",
            "ABBREVIATIONMATCH": "Abbreviation Match"
		},
		"MatchGroups": {
			"FUZZYMATCH": [
				"FUZZYMATCH",
				"STATEANDCOUNTRYMATCH",
				"COUNTRYONLYMATCH",
				"SYNONYMMATCH"
			]
		},
		"Attributes": {
			"n3personname": "Person Name",
			"n3org_name": "Organization Name",
			"n3phnumber": "Phone",
			"n3email": "Email",
			"n3location": "Location",
			"transaction": "Transaction Identifier"
		}
	},
	"CE": {
		"Strategies": {
			"EXACTMATCH": "Exact Match",
			"SYNONYMMATCH": "Synonym Match",
			"FUZZYMATCH": "Fuzzy Match",
			"MISMATCH": "Mismatch",
			"MISSINGVALUE": "Missing Value",
			"STATEANDCOUNTRYMATCH": "State and Country Match",
			"COUNTRYONLYMATCH": "Country Match",
			"LOCATIONMATCH": "Location Match",
			"ADDRESSLINEMATCH": "Address Line Match",
            "NAMEANDINITIALMATCH":"Name to Initial Match",
            "INITIALANDINITIALMATCH":"Initial Match",
            "ABBREVIATIONMATCH": "Abbreviation Match"
		},
		"MatchGroups": {
			"FUZZYMATCH": [
				"FUZZYMATCH",
				"STATEANDCOUNTRYMATCH",
				"COUNTRYONLYMATCH",
				"SYNONYMMATCH"
			]
		},
		"Attributes": {
			"n3personname": "Person Name",
			"n3org_name": "Organization Name",
			"n3phnumber": "Phone",
			"n3email": "Email",
			"n3location": "Location",
			"transaction": "Transaction Identifier"
		}
	},
	"CM": {
		"Strategies": {
			"EXACTMATCH": "Exact Match",
			"SYNONYMMATCH": "Synonym Match",
			"FUZZYMATCH": "Fuzzy Match",
			"MISMATCH": "Mismatch",
			"MISSINGVALUE": "Missing Value",
			"STATEANDCOUNTRYMATCH": "State and Country Match",
			"COUNTRYONLYMATCH": "Country Match",
			"LOCATIONMATCH": "Location Match",
			"ADDRESSLINEMATCH": "Address Line Match",
            "NAMEANDINITIALMATCH":"Name to Initial Match",
            "INITIALANDINITIALMATCH":"Initial Match",
            "ABBREVIATIONMATCH": "Abbreviation Match"
		},
		"MatchGroups": {
			"FUZZYMATCH": [
				"FUZZYMATCH",
				"STATEANDCOUNTRYMATCH",
				"COUNTRYONLYMATCH",
				"SYNONYMMATCH"
			]
		},
		"Attributes": {
			"n3org_name": "Organization Name"
		}
	},
	"AM": {
		"Strategies": {
			"EXACTMATCH": "Exact Match",
			"SYNONYMMATCH": "Synonym Match",
			"FUZZYMATCH": "Fuzzy Match",
			"MISMATCH": "Mismatch",
			"MISSINGVALUE": "Missing Value",
			"STATEANDCOUNTRYMATCH": "State and Country Match",
			"COUNTRYONLYMATCH": "Country Match",
			"LOCATIONMATCH": "Location Match",
			"ADDRESSLINEMATCH": "Address Line Match",
            "NAMEANDINITIALMATCH":"Name to Initial Match",
            "INITIALANDINITIALMATCH":"Initial Match",
            "ABBREVIATIONMATCH": "Abbreviation Match"
		},
		"MatchGroups": {
			"FUZZYMATCH": [
				"FUZZYMATCH",
				"STATEANDCOUNTRYMATCH",
				"COUNTRYONLYMATCH",
				"SYNONYMMATCH"
			]
		},
		"Attributes": {
			"n3address_line": "Address"
		}
	}
}