[
    {
        "Name": "n3personname",
        "DisplayName": "Person Name",
        "IsVisible": true,
        "JPath": [
			"Demographics.PersonName.OriginalName",
            "Demographics.PersonName.OriginalGivenNameOne",
			"Demographics.PersonName.OriginalGivenNameTwo",
			"Demographics.PersonName.OriginalGivenNameThree",
			"Demographics.PersonName.OriginalFamilyName"
        ],
        "MatchType": [
            "CC",
            "CW",
            "CE"
        ],
        "EntityType": [
            "P"
        ]
    },
    {
        "Name": "n3org_name",
        "DisplayName": "Organization Name",
        "IsVisible": true,
        "JPath": [
            "Demographics.OrganizationName.OriginalName"
        ],
        "MatchType": [
            "CC",
            "CM"
        ],
        "EntityType": [
            "O",
            "P"
        ]
    },
    {
        "Name": "n3address_line",
        "DisplayName": "Address Line",
        "IsVisible": true,
        "JPath": [
            "Demographics.Address.OriginalAddress"
        ],
        "MatchType": [
            "CC",
            "AM"
        ],
        "EntityType": [
            "P",
            "O"
        ]
    },
    {
        "Name": "City",
        "DisplayName": "City",
        "IsVisible": true,
        "JPath": [
			"Demographics.Address.OriginalCity",
            "Interactions.EmailFromParty.FromIPCity",
			"Interactions.Webchat.FromIPCity"
        ],
        "MatchType": [
            "CC",
            "CW",
            "CE"
        ],
        "EntityType": [
            "P",
            "O"
        ]
    },
    {
        "Name": "State",
        "DisplayName": "State",
        "IsVisible": true,
        "JPath": [
            "Demographics.Address.OriginalState",
			"Interactions.EmailFromParty.FromIPRegion",
			"Interactions.Webchat.FromIPRegion"
        ],
        "MatchType": [
            "CC",
            "CW",
            "CE"
        ],
        "EntityType": [
            "P",
            "O"
        ]
    },
    {
        "Name": "Country",
        "DisplayName": "Country",
        "IsVisible": true,
        "JPath": [
            "Demographics.Address.OriginalCountry",
			"Interactions.EmailFromParty.FromIPCountry",
			"Interactions.Webchat.FromIPCountry"
        ],
        "MatchType": [
            "CC",
            "CW",
            "CE"
        ],
        "EntityType": [
            "P",
            "O"
        ]
    },
    {
        "Name": "PostalCode",
        "DisplayName": "Postal Code",
        "IsVisible": true,
        "JPath": [
            "Demographics.Address.OriginalPostalCode",
			"Demographics.Address.OriginalZipPlusFour"
        ],
        "MatchType": [
            "CC"
        ],
        "EntityType": [
            "P",
            "O"
        ]
    },
    {
        "Name": "n3email",
        "DisplayName": "Email",
        "IsVisible": true,
        "JPath": [
            "Demographics.Email.OriginalEmailAddress"
        ],
        "MatchType": [
            "CC",
            "CW",
            "CE"
        ],
        "EntityType": [
            "P",
            "O"
        ]
    },
    {
        "Name": "n3phnumber",
        "DisplayName": "Phone",
        "IsVisible": true,
        "JPath": [
            "Demographics.PhoneNumber.OriginalPhoneNumber"
        ],
        "MatchType": [
            "CC",
            "CW",
            "CE"
        ],
        "EntityType": [
            "P",
            "O"
        ]
    },
    {
        "Name": "n3bdate",
        "DisplayName": "Date of Birth",
        "IsVisible": true,
        "JPath": [
            "Demographics.Person.OriginalBirthDate"
        ],
        "MatchType": [
            "CC"
        ],
        "EntityType": [
            "P"
        ]
    },
    {
        "Name": "n3gender",
        "DisplayName": "Gender",
        "IsVisible": true,
        "JPath": [
            "Demographics.Person.Gender"
        ],
        "MatchType": [
            "CC"
        ],
        "EntityType": [
            "P"
        ]
    },
    {
        "Name": "MaritalStatus",
        "DisplayName": "Marital Status",
        "IsVisible": true,
        "JPath": [
            "Demographics.Person.MaritalStatus"
        ],
        "MatchType": [
            "CC"
        ],
        "EntityType": [
            "P"
        ]
    },
    {
        "Name": "BusinessSegment",
        "DisplayName": "Business Segment",
        "IsVisible": true,
        "JPath": [
            "Demographics.Organization.BusinessSegment"
        ],
        "MatchType": [
            "CC"
        ],
        "EntityType": [
            "O"
        ]
    },
    {
        "Name": "CustomerClass",
        "DisplayName": "Customer Class",
        "IsVisible": true,
        "JPath": [
            "Demographics.Organization.CustomerClass"
        ],
        "MatchType": [
            "CC"
        ],
        "EntityType": [
            "O"
        ]
    },
    {
        "Name": "CustomerCategory",
        "DisplayName": "Customer Category",
        "IsVisible": true,
        "JPath": [
            "Demographics.Organization.CustomerCategory"
        ],
        "MatchType": [
            "CC"
        ],
        "EntityType": [
            "O"
        ]
    },
    {
        "Name": "n3identifier",
        "DisplayName": "Identifier",
        "IsVisible": true,
        "JPath": [
            "Demographics.Identifier.OriginalIdentifierValue"
        ],
        "MatchType": [
            "CC"
        ],
        "EntityType": [
            "P",
            "O"
        ]
    },
    {
        "Name": "MentionName",
        "DisplayName": "Mention Name",
        "IsVisible": true,
        "JPath": [
            "SocialInteractions.Mentions.Mention.Names"
        ],
        "MatchType": [
            "CW",
            "CE"
        ],
        "EntityType": [
            "P",
            "O"
        ],
        "AttributeCleaner": "com.allsight.service.impl.business.BracketCleaner"
    },
    {
        "Name": "ProductName",
        "DisplayName": "Product Name",
        "IsVisible": true,
        "JPath": [
            "Transactions.Transaction.TransactionItem.ProductName",
            "SocialInteractions.Mentions.ProductMention.ProductName"
        ],
        "MatchType": [
            "CW",
            "CE"
        ],
        "EntityType": [
            "P",
            "O"
        ]
    },
    {
        "Name": "ProductCategory",
        "DisplayName": "Product Category",
        "IsVisible": true,
        "JPath": [
            "Transactions.Transaction.TransactionItem.ProductCategory",
            "SocialInteractions.Mentions.ProductMention.ProductCategory"
        ],
        "MatchType": [
            "CW",
            "CE"
        ],
        "EntityType": [
            "P",
            "O"
        ]
    },
    {
        "Name": "ProductSubCategory",
        "DisplayName": "Product SubCategory",
        "IsVisible": true,
        "JPath": [
            "Transactions.Transaction.TransactionItem.ProductSubcategory",
            "SocialInteractions.Mentions.ProductMention.ProductSubCategory"
        ],
        "MatchType": [
            "CW",
            "CE"
        ],
        "EntityType": [
            "P",
            "O"
        ]
    },
    {
        "Name": "ReferenceNumber",
        "DisplayName": "Reference Number",
        "IsVisible": true,
        "JPath": [
            "Transactions.Transaction.ReferenceNumber",
            "SocialInteractions.Mentions.Mention.Identifiers"
        ],
        "MatchType": [
            "CW",
            "CE"
        ],
        "EntityType": [
            "P",
            "O"
        ],
        "AttributeCleaner": "com.allsight.service.impl.business.BracketCleaner"
    }
]