[ {
  "id" : "popr1",
  "name" : "Operational Customer Perspective",
  "generateEID" : true,
  "enabled" : true,
  "survivorshipRuleID" : "popr-default",
  "anchorDataSources" : [ "CustomerProfile" ],
  "eidSkippedDataSources" : [ "CustomerTransaction", "EmailFrom", "Webchat", "ProductInventory", "CRMS", "MarketTo" ],
  "matchScoreFilters" : [ {
    "matchType" : "cc",
    "displayName" : "Customer-Customer",
    "previewEnabled" : "true",
    "breakdowns" : [ {
      "name" : "Confirmed",
      "minScore" : "95",
      "maxScore" : "100"
    }, {
      "name" : "Probable",
      "minScore" : "85",
      "maxScore" : "94.99999999999999"
    }, {
      "name" : "Possible",
      "minScore" : "65",
      "maxScore" : "84.99999999999999"
    } ]
  }, {
    "matchType" : "cw",
    "displayName" : "Customer-Webchat",
    "previewEnabled" : "true",
    "breakdowns" : [ {
      "name" : "Confirmed",
      "minScore" : "95",
      "maxScore" : "100"
    }, {
      "name" : "Probable",
      "minScore" : "85",
      "maxScore" : "94.99999999999999"
    }, {
      "name" : "Possible",
      "minScore" : "60",
      "maxScore" : "84.99999999999999"
    } ]
  }, {
    "matchType" : "ce",
    "displayName" : "Customer-Email",
    "previewEnabled" : "true",
    "breakdowns" : [ {
      "name" : "Confirmed",
      "minScore" : "95",
      "maxScore" : "100"
    }, {
      "name" : "Probable",
      "minScore" : "85",
      "maxScore" : "94.99999999999999"
    }, {
      "name" : "Possible",
      "minScore" : "60",
      "maxScore" : "84.99999999999999"
    } ]
  }, {
    "matchType" : "cm",
    "displayName" : "Person-Contact-Org",
    "previewEnabled" : "false",
    "breakdowns" : [ {
      "name" : "Confirmed",
      "minScore" : "90",
      "maxScore" : "100"
    }, {
      "name" : "Probable",
      "minScore" : "75",
      "maxScore" : "89.99999999999999"
    }, {
      "name" : "Possible",
      "minScore" : "65",
      "maxScore" : "74.99999999999999"
    } ]
  }, {
    "matchType" : "am",
    "displayName" : "Person-Address-Person",
    "previewEnabled" : "false",
    "breakdowns" : [ {
      "name" : "Confirmed",
      "minScore" : "90",
      "maxScore" : "100"
    }, {
      "name" : "Probable",
      "minScore" : "75",
      "maxScore" : "89.99999999999999"
    }, {
      "name" : "Possible",
      "minScore" : "65",
      "maxScore" : "74.99999999999999"
    } ]
  } ],
  "queryContext" : {
    "hierarchy" : {
      "survivorshipRuleID" : "relationship-extract-popr",
      "search_drilldown" : "5",
      "relationship_drilldown" : "5"
    }
  },
  "queries_by_source" : {
    "HRMS" : "g.V(v).as('x')",
    "CUSTOMERPROFILE" : "g.V(v).as('x').bothE('Link', 'SameAs', 'Contact').union(and(hasLabel('SameAs') , has('Confidence', gte( 90d))),and(hasLabel('SameAs'), has('Confidence', gte( 90d))).inV().inE().has('RelationshipSubType','Prospects'),and(hasLabel('SameAs'), has('Confidence', gte( 90d))).inV().inE().has('RelationshipSubType','Prospects').outV().outE().has('RelationshipSubType','ProspectProduct'),has('RelationshipSubType','Billing'),has('RelationshipSubType','Billing').inV().outE().has('RelationshipSubType','BillingOn'),hasLabel('Contact').inV().inE('SameAs').has('Confidence', gte( 70d)), has('RelationshipSubType','Contact-CampaignINF-link'), has('RelationshipSubType','Contact-CampaignINF-link').inV().inE('Link').has('RelationshipSubType','Campaign-InfoStats_Rel'),has('RelationshipSubType','Hierarchy')).dedup().otherV()"
  }
}, {
  "id" : "pmktg1",
  "name" : "Marketing Customer Perspective",
  "generateEID" : true,
  "enabled" : false,
  "survivorshipRuleID" : "pmktg-default",
  "anchorDataSources" : [ "CustomerProfile" ],
  "eidSkippedDataSources" : [ "CustomerTransaction", "EmailFrom", "Webchat", "ProductInventory", "CRMS", "MarketTo" ],
  "matchScoreFilters" : [ {
    "matchType" : "cc",
    "displayName" : "Customer-Customer",
    "previewEnabled" : "true",
    "breakdowns" : [ {
      "name" : "Confirmed",
      "minScore" : "90",
      "maxScore" : "100"
    }, {
      "name" : "Probable",
      "minScore" : "79.30",
      "maxScore" : "89.99999999999999"
    }, {
      "name" : "Possible",
      "minScore" : "65",
      "maxScore" : "79.29999999999999"
    } ]
  }, {
    "matchType" : "cw",
    "displayName" : "Customer-Webchat",
    "previewEnabled" : "true",
    "breakdowns" : [ {
      "name" : "Confirmed",
      "minScore" : "90",
      "maxScore" : "100"
    }, {
      "name" : "Probable",
      "minScore" : "80",
      "maxScore" : "89.99999999999999"
    }, {
      "name" : "Possible",
      "minScore" : "60",
      "maxScore" : "79.99999999999999"
    } ]
  }, {
    "matchType" : "ce",
    "displayName" : "Customer-Email",
    "previewEnabled" : "true",
    "breakdowns" : [ {
      "name" : "Confirmed",
      "minScore" : "90",
      "maxScore" : "100"
    }, {
      "name" : "Probable",
      "minScore" : "80",
      "maxScore" : "89.99999999999999"
    }, {
      "name" : "Possible",
      "minScore" : "60",
      "maxScore" : "79.99999999999999"
    } ]
  }, {
    "matchType" : "cm",
    "displayName" : "Person-Contact-Org",
    "previewEnabled" : "false",
    "breakdowns" : [ {
      "name" : "Confirmed",
      "minScore" : "90",
      "maxScore" : "100"
    }, {
      "name" : "Probable",
      "minScore" : "75",
      "maxScore" : "89.99999999999999"
    }, {
      "name" : "Possible",
      "minScore" : "65",
      "maxScore" : "74.99999999999999"
    } ]
  }, {
    "matchType" : "am",
    "displayName" : "Person-Address-Person",
    "previewEnabled" : "false",
    "breakdowns" : [ {
      "name" : "Confirmed",
      "minScore" : "90",
      "maxScore" : "100"
    }, {
      "name" : "Probable",
      "minScore" : "75",
      "maxScore" : "89.99999999999999"
    }, {
      "name" : "Possible",
      "minScore" : "65",
      "maxScore" : "74.99999999999999"
    } ]
  } ],
  "queryContext" : {
    "hierarchy" : {
      "survivorshipRuleID" : "relationship-extract-pmktg",
      "search_drilldown" : "10",
      "relationship_drilldown" : "10"
    }
  },
  "queries_by_source" : {
    "HRMS" : "g.V(v).as('x')",
    "CUSTOMERPROFILE" : "g.V(v).as('x').bothE('Link', 'SameAs', 'Contact').union(and(hasLabel('SameAs') , has('Confidence', gte( 90d))),and(hasLabel('SameAs'), has('Confidence', gte( 90d))).inV().inE().has('RelationshipSubType','Prospects'),and(hasLabel('SameAs'), has('Confidence', gte( 90d))).inV().inE().has('RelationshipSubType','Prospects').outV().outE().has('RelationshipSubType','ProspectProduct'),has('RelationshipSubType','Billing'),has('RelationshipSubType','Billing').inV().outE().has('RelationshipSubType','BillingOn'),hasLabel('Contact').inV().inE('SameAs').has('Confidence', gte( 70d)),hasLabel('Contact').inV().outE('Link'), hasLabel('Contact').inV().outE('Link').inV().inE('Link').has('RelationshipSubType','Campaign-InfoStats_Rel'), has('RelationshipSubType','Contact-CampaignINF-link'), has('RelationshipSubType','Contact-CampaignINF-link').inV().inE('Link').has('RelationshipSubType','Campaign-InfoStats_Rel'),has('RelationshipSubType','Hierarchy')).dedup().otherV()"
  }
} ]