#
# Configuration file used by JobTitleStandardizer
#
# Instructions on filling this file
#
# --- Syntax ---
# Column delimiter: ,
# Comment marker: #
# Escape character: \
#
# --- Column Details ---
# Column 1: Standardized Job Title (Mandatory column. The value must not be empty)
# Column 2: Job Group (Mandatory column. The value can be empty)
# Column 3: Job Level (Mandatory column. The value can be empty)
# Column 4 to N: Job Title variations (Optional columns). For example IT Manager, Information Technology Manager etc.
#
# --- Additional Notes ---
# Leading and trailing spaces will be ignored
# Empty lines will be ignored
# JobTitleStandardizer assumes 'Standardized Job Title' and 'Job Title variations' are not duplicated across lines
#
# --- Notes on Typo Correction ---
# One of the functionality of Job Title Standardization is to correct typos found in the input string. Typo correction 
# uses a dictionary built from all words from Column 1 and Columns 4 to N. When the whole string after typo correction 
# is not found to be one of Column 1 or Columns 4 to N then the typo correction is ignored and reverts to the original 
# (but cleaned) version of the input string.
#

CEO,Executive,C-Level,Chief Executive Officer,
CFO,Finance,C-Level,Chief Financial Officer,
CIO,Executive,C-Level,Chief Information Officer,
CTO,Executive,C-Level,Chief Technology Officer,
COO,Executive,C-Level,Chief Operating Officer,
CMO,Executive,C-Level,Chief Marketing Officer,
CPO,Executive,C-Level,Chief Product Offier,
CDO,Executive,C-Level,Chief Data Officer,
CAO,Executive,C-Level,Chief Analytics Officer,
CISO,Executive,C-Level,Chief Information Security Officer,
PRESIDENT,Executive,President,,
FOUNDER,Executive,Founder,Owner,
VICE PRESIDENT,IT,VP,VP of IT,VP IT
VP Sales,Sales,VP,Vice President of Sales,VP of Sales
EVP,IT,EVP,Executive Vice President,IT Management Executive VP
AVP,IT,AVP,AVP IT,Associate Vice President
SVP,IT,SVP,SENIOR VICE PRESIDENT,Senior VP
IT DIRECTOR,IT,Director,Director of IT,Director Information Technology
IS DIRECTOR,IS,Director,Director of IS,Director of Information Systems
INFRASTRUCTURE DIRECTOR,IT,Director,Director IT Infrastructure,Director of Infrastructure
TECHNOLOGY DIRECTOR,IT,Director,Director of Technology,Technical Director
DIRECTOR TECHNICAL SERVICES,IT,Director,Director of Technical Services,
DIRECTOR NETWORK SERVICES,IT,Director,Director of Network Services,
DIRECTOR IT SERVICES,IT,Director,Director INFORMATION Services,Director of IT Services
HR DIRECTOR,HR,Director,Human Resources Director,Human Resource Director
MANAGING DIRECTOR,IT,Director,MD,
Marketing Director,Marketing,Director,Director of Marketing,
SUB DIRECTOR,IT,Director,SUBDIRECTOR,
CHAIRMAN,Executive,Chairman,,
DGM,Executive,General Manager,Deputy General Manager,DGM IT
AGM,Executive,General Manager,Assistant General Manager,AGM IT
GM,Executive,General Manager,GM IT,
ASSISTANT MANAGER,IT,Manager,Assistant Manager IT,
IT MANAGER,IT,Mid-Level,Information Technology Manager,Manager Information Technology
IS MANAGER,IT,Mid-Level,Manager IS,
IT LEITER,IT,Mid-Level,Leiter IT,IT LEITUNG
EDV LEITER,IT,Mid-Level,Leiter EDV,
GERENTE,IT,Mid-Level,Gerente de Sistemas,GER DE SISTEMAS
RESPONSABLE INFORMATIQUE,IT,Mid-Level,Responsabile Sistemi Informativi,
MARKETING MANAGER,Marketing,Mid-Level,Manager of Marketing,
OPERATIONS MANAGER,Operations,Mid-Level,IT Operations Manager,Manager IT Operations
HR MANAGER,HR,Mid-Level,HUMAN RESOURCES MANAGER,
MANAGER NETWORK OPERATIONS,IT,Mid-Level,Network Operations Manager,
IT HEAD,IT,Senior-Level,Head of IT,Head IT
ENGINEER,IT,Mid-Level,Ingeniero,IT ENGINEER
ANALYST,IT,Mid-level,SYSTEMS ANALYST,Analista
SENIOR SYSTEMS ENGINEER,IT,Mid-level,,
SENIOR STORAGE ENGINEER,IT,Mid-level,,
SENIOR ENGINEER,IT,Mid-level,,
SENIOR CONSULTANT,IT,Mid-level,,
SENIOR SOLUTIONS ARCHITECT,IT,Mid-level,,
SENIOR NETWORK ENGINEER,IT,Mid-level,,
SENIOR ARCHITECT,IT,Mid-level,,
DIPLOM INGENIEUR,IT,Mid-level,Dipl Ing,
DATABASE ADMINISTRATOR,IT,Mid-level,DBA,
SYSTEMS ENGINEER,IT,Mid-level,SYSTEM ENGINEER,
SENIOR INFRASTRUCTURE ENGINEER,IT,Mid-level,,
SENIOR SYSTEMS ANALYST,IT,Mid-level,,
SYSTEMS ADMINISTRATOR,IT,Mid-Level,System Administrator,Systemadministrator
SENIOR SYSTEMS ADMINISTRATOR,IT,Mid-Level,Senior System Administrator,
ADMINISTRATOR,IT,Mid-Level,,
NETWORK ADMINISTRATOR,IT,Mid-Level,Network Systems Administrator,Network Admin
STORAGE ADMINISTRATOR,IT,Mid-Level,Enterprise Storage Administrator,SAN Admin
SERVER ADMINISTRATOR,IT,Mid-Level,Server Administrator,ADMINISTRADOR DE SERVIDORES
STAFF,IT,Low-level,IT IS Management Staff,IT Staff
SALES REPRESENTATIVE,Sales,Mid-level,,
EXECUTIVE,IT,Senior-level,Executives,IT Executive
ACCOUNT EXECUTIVE,IT,Mid-Level,,
SUPERVISOR,IT,Mid-level,IT Supervisor,
IT COORDINATOR,IT,Mid-Level,INFORMATION TECHNOLOGY COORDINATOR,
IT INFRASTRUCTURE,IT,Mid-Level,IT INFRASTRUKTUR,
MANAGEMENT,IT,Mid-Level,,
SOFTWARE ENGINEER,IT,Mid-Level,,
SENIOR SOFTWARE ENGINEER,IT,Mid-Level,,
HARDWARE ENGINEER,IT,Mid-Level,,
SENIOR HARDWARE ENGINEER,IT,Mid-Level,,
PRODUCT MANAGER,IT,Manager,Manager of Product,Manager Product
SENIOR PRODUCT MANAGER,IT,Manager,Senior Manager of Product,Senior Manager Product
PROJECT MANAGER,IT,Manager,Manager of Project,Manager Project
SENIOR PROJECT MANAGER,IT,Manager,Senior Manager of Project,Senior Manager Project
PROGRAM MANAGER,IT,Manager,Manager of Program,Manager Program
SENIOR PROGRAM MANAGER,IT,Manager,Senior Manager of Program,Senior Manager Program
