{
	"settings": {
		"index": {
			"mapper": {
				"dynamic": "false"
			},
			"analysis": {
				"analyzer": {
					"lowercase_phrase_analyzer": {
						"filter": [
							"lowercase"
						],
						"tokenizer": "keyword"
					}
				}
			}
		}
	},
	"mappings": {
		"dq": {
			"dynamic": "strict",
			"properties": {
				"Id": {
					"analyzer": "lowercase_phrase_analyzer",
					"type": "text",
					"fields": {
						"raw": {
							"type": "keyword"
						}
					}
				},
				"IsResolved": {
					"type": "boolean"
				},
				"ScanId": {
					"analyzer": "lowercase_phrase_analyzer",
					"type": "text",
					"fields": {
						"raw": {
							"type": "keyword"
						}
					}
				},
				"ScanDate": {
					"format": "yyyy-MM-dd HH:mm:ss.SSSSSS",
					"type": "date"
				},
				"Value": {
					"analyzer": "lowercase_phrase_analyzer",
					"type": "text",
					"fields": {
						"raw": {
							"type": "keyword"
						}
					}
				},
				"AttributeNId": {
					"analyzer": "lowercase_phrase_analyzer",
					"type": "text",
					"fields": {
						"raw": {
							"type": "keyword"
						}
					}
				},
				"Key": {
					"analyzer": "lowercase_phrase_analyzer",
					"type": "text",
					"fields": {
						"raw": {
							"type": "keyword"
						}
					}
				},
				"AttributeName": {
					"analyzer": "lowercase_phrase_analyzer",
					"type": "text",
					"fields": {
						"raw": {
							"type": "keyword"
						}
					}
				},
				"BoName": {
					"analyzer": "lowercase_phrase_analyzer",
					"type": "text",
					"fields": {
						"raw": {
							"type": "keyword"
						}
					}
				},
				"ScanName": {
					"analyzer": "lowercase_phrase_analyzer",
					"type": "text",
					"fields": {
						"raw": {
							"type": "keyword"
						}
					}
				},
				"Severity": {
					"analyzer": "lowercase_phrase_analyzer",
					"type": "text",
					"fields": {
						"raw": {
							"type": "keyword"
						}
					}
				},
				"SourceName": {
					"analyzer": "lowercase_phrase_analyzer",
					"type": "text",
					"fields": {
						"raw": {
							"type": "keyword"
						}
					}
				},
				"SourceKey": {
					"analyzer": "lowercase_phrase_analyzer",
					"type": "text",
					"fields": {
						"raw": {
							"type": "keyword"
						}
					}
				},
				"CreatedTimestamp": {
					"format": "yyyy-MM-dd HH:mm:ss.SSSSSS",
					"type": "date",
					"fields": {
						"raw": {
							"type": "keyword"
						}
					}
				},
				"LastUpdatedTimestamp": {
					"format": "yyyy-MM-dd HH:mm:ss.SSSSSS",
					"type": "date",
					"fields": {
						"raw": {
							"type": "keyword"
						}
					}
				},
				"ResolutionId": {
					"analyzer": "lowercase_phrase_analyzer",
					"type": "text",
					"fields": {
						"raw": {
							"type": "keyword"
						}
					}
				},
				"ResolutionValue": {
					"analyzer": "lowercase_phrase_analyzer",
					"type": "text",
					"fields": {
						"raw": {
							"type": "keyword"
						}
					}
				},
				"ResolutionDate": {
					"format": "yyyy-MM-dd HH:mm:ss.SSSSSS",
					"type": "date"
				}
			}
		}
	}
}