<duke>
  <object class="com.allsight.cme.comparator.Name3AddressComparator" name="n3address_line_ssa-name3_address">
    <param name="groupMapping" value="Address_Part1=houseNumber+house+road+level+unit+poBox,Address_Part2=cityName+state+country,Postal_Area=postalCode+zipPlusFour"/>
    <param name="matchLevel" value="Typical"/>
  </object>
  <object class="com.allsight.cme.preprocessor.Name3PartyAddressPreprocessor" name="person_n3address_line_name3_address_preprocessor">
    <qualityFilter name="Address.CityName" scanId="" scanSeverity=""/>
    <qualityFilter name="Address.Country" scanId="" scanSeverity=""/>
    <qualityFilter name="Address.State" scanId="" scanSeverity=""/>
    <qualityFilter name="Address.House" scanId="" scanSeverity=""/>
    <qualityFilter name="Address.HouseNumber" scanId="" scanSeverity=""/>
    <qualityFilter name="Address.Road" scanId="" scanSeverity=""/>
    <qualityFilter name="Address.Latitude" scanId="" scanSeverity=""/>
    <qualityFilter name="Address.Longitude" scanId="" scanSeverity=""/>
    <qualityFilter name="Address.PostalCode" scanId="" scanSeverity=""/>
    <qualityFilter name="Address.PoBox" scanId="" scanSeverity=""/>
    <qualityFilter name="Address.Unit" scanId="" scanSeverity=""/>
    <qualityFilter name="Address.Level" scanId="" scanSeverity=""/>
    <qualityFilter name="Address.ZipPlusFour" scanId="" scanSeverity=""/>
  </object>
  <object class="com.allsight.cme.query.Name3AddressQuery" name="n3address_line_name3_address_query">
    <param name="runAsNested" value="false"/>
    <param name="matchAttribute" value="n3address_line"/>
  </object>
  <object class="com.allsight.cme.DukeMaxAggregator" name="max-aggregator"></object>
  <schema>
    <threshold>0.9</threshold>
    <maybe-threshold>0.65</maybe-threshold>
    <property type="id">
      <name>id</name>
      <query></query>
    </property>
    <property type="object">
      <name>n3address_line</name>
      <low>0.0</low>
      <high>1.0</high>
      <comparator>n3address_line_ssa-name3_address</comparator>
      <agg-class>max-aggregator</agg-class>
      <query>n3address_line_name3_address_query</query>
    </property>
    <property type="ignore">
      <name>dssk</name>
      <low>0.5</low>
      <high>0.5</high>
      <query></query>
    </property>
  </schema>
  <relationship-bo-name>AddressRelationship</relationship-bo-name>
  <relationship-subtype>ADDRESS_MATCH</relationship-subtype>
  <match-type>AM</match-type>
  <isreverse-pair>false</isreverse-pair>
  <name3-population>international</name3-population>
  <match-enabled>false</match-enabled>
  <match-config-name>Address match</match-config-name>
  <match-config-id>addressrelationship_person_person</match-config-id>
  <database class="com.allsight.cme.databases.es.ElasticSearchDatabase">
    <param name="maxSearchHits" value="30"/>
    <param name="indexName" value="person"/>
    <param name="schemaGeneratorClassName" value="com.allsight.cme.CreateDukeRecordMapping"/>
    <param name="mappingFileName" value="matching_index_mapping.json"/>
    <param name="minClauses" value="1"/>
  </database>
  <data-source class="com.allsight.cme.datasources.AllSightColumnarDataSource" name="person" nId="15">
    <param name="source" value="true"/>
    <param name="destination" value="false"/>
    <param name="mvelString" value="return ((e.getEntityMeta().getSourceName().equalsIgnoreCase(&quot;CustomerProfile&quot;)) &amp;&amp; (e.getBusinessObjects(&quot;Person&quot;) != null &amp;&amp; e.getBusinessObjects(&quot;Person&quot;).size() &gt; 0) || (e.getBusinessObjects(&quot;PersonName&quot;) !=null &amp;&amp; e.getBusinessObjects(&quot;PersonName&quot;).size() &gt; 0))"/>
    <column name="id" property="id" preprocessor="com.allsight.cme.preprocessor.PartyIdDukeColumnPreProcessor"/>
    <column name="n3address_line" property="n3address_line" preprocessorName="person_n3address_line_name3_address_preprocessor" preprocessor="com.allsight.cme.preprocessor.Name3PartyAddressPreprocessor"/>
    <column name="dssk" property="dssk" preprocessor="com.allsight.cme.preprocessor.PartyDsskDukeColumnPreProcessor"/>
  </data-source>
  <match-override-rules disabled="true"><![CDATA[]]></match-override-rules>
</duke>