aaron, aarie, aary, ari, arri, ron, ronnie
abbott, ab
abel, abe
abigail, abbey, abbie, abby, gail, gale, gayl, gayle
abraham, abe, abie, abram, bram
acacia, cacia, casia
adam, ad, addy
adara, addie
adelaide, aley, ela, elke, laidey, laidy
adeline, ada, addie, addy, adelle
adrian, addie, ade, adri
adrienne, addie
agate, aggie
agatha, aage, agata, agathe, agathi, age, agge, aggie, agi, agie, egie, aggy
aggie, ag
agnes, aggie, agni, ines, necha, aggy
aileen, lena
alan, al
alberta, berta, bertie
albert, al, albie, bert, berto, burt
aldo, al
aldrich, rich, richie
alexa, alex
alexander, alac, alax, alec, aleck, aleix, alejo, alejos, alek, aleks, ales, alesi, alex, alexe, alexei, alexey, alexs, alexsey, alexy, alez, alic, alick, aliek, alix, allec, alleik, allex, elex, jando, oles, sandy, sasha, xan, xander, zander, al
alexandra, ale, alea, aleah, aleaha, aleahya, alei, aleia, aleja, alejan, aleka, alex, alexie, alexza, aley, aleya, aleyah, allie, alyx, alyxa, alyza, alyze, lexie, lexy, sandie, sandy
alexandria, alexia, drinka
alexis, alex, alexi, alexia, alexie, alexx, alley, alli, allie, ally, lexi, lexie, lexis, lexus
alfreda, ferda, freda, freddy
alfred, al, alf, alfie, alfy, fred
alice, ali, alie, alle, alli, allie, ally, elisie
alicia, alice, alii, alli, ally, allye, aly, elisie, alisha
alisha, ali
allan, al
allegra, ali, allie, legra
allen, albie, al
allison, ali, alli, allie, ally, aly
alonzo, al, alonso, lon, lonnie, lonny
alphonso, affie, alf, alfie, fons, fonso, fonzie
alvina, alvie
alvin, al, alv, alvey, alvi, alvie, alvy, el
alycia, alyse, lycia
alysa, alys, alyse, alysse
amanda, amanie, amanni, mandi, mandie, mandy
amaris, maris
amaya, maya
amber, amb, amby
amelia, ami, amy, emily
amy, amey, ami, amie, amiee, amme, ammi
anastasia, ana, stacey, stasia, tasia
anderson, andy
andrea, andi, andie, andri, andy, anndee, anndi, rea
andre, andy, dre, endy
andrew, and, anddy, ande, andee, andhy, andi, andie, andy, andys, dreu, dreux, drew, drewey, drewry, dru, drue, druey, druie
angela, ang, ange, angee, angeia, angel, anggie, angi, angie, angil, angy, anngel, anngie
angelica, angel
anita, anit, ann, nita
annabelle, annie, anny, bell, bella, belle, nancy
ann, anney, anni, annie, anny
anne, annee
annette, ann, annie, anny, nan, nancy, nannie, nettie
anthony, ant, anth, anthon, toney, tony
antoinette, rose, toni, tonie, tonni, tonnie, tony, ann
antonia, toni, tonia, tonie, tony
antonio, tonio, tony
april, apri
arabella, ara, belle, bella
archibald, arch, archie
arden, ard, ardi, ardie
ardith, ardi, ardie
aretha, retha
ariadne, ari
ariane, ari
ariel, ari
arland, arley, arlie, arly
arlene, arla, arle, arlee, arlie, arly, lena
arnold, arn, arndt, arne, arney, arnie, arny
arthur, art, artie, arty, turi
artis, arti, artie
ashley, ash, lee, lei, leigh
asia, azie
aston, ashton
astra, asta
astrid, atti
atalanta, addi, addie, atlee, atti, attie
audrey, aud, audie
augusta, gussie, gusta, aggy
augustina, aggy, tina
augustine, gus
augustus, augie, august, augustine, gus
aurora, ora, ori, orie, rora
austin, aus, aust
baby, babe
barbara, bab, babb, babette, babs, babsie, bairbe, barb, barba, barbe, barbee, barbi, barbie, bebe, bibi, bobbi, bobbie
barnabas, barney
barnard, barney, barnie, barny, birney
barrett, bar, barrie
barry, barr
bartholomew, barth, bartie, bat, bart
beatrice, bea, beattie, beatty, bebe, bee, bibi, trice, trixie
bedelia, biddy
begay, begaye
belicia, beli, belia
belinda, bel, belle, linda
bella, bell
benedicta, benea, benna, benni, binney
benedict, ben, benne, benney, benni, bennie, benny
benita, neeta
benjamin, ben, beng, bengi, bengie, bengt, bengy, beni, benj, benja, benje, benji, benjie, benjy, benn, benne, benney, benni, bennie, benny, bin, binny, jamey, jamie, jamy, mincho
berlynn, berla
bernadette, bera, berna, berni, bernie
bernadine, berni
bernard, barney, barnie, barny, bear, ber, bern, berne, bernie, bernnie, berny, burne, burney, burnie
bernice, bea, berni, bernie, berniee, nicie
bertha, bea, berta, berte, bertee, berth, berthe, berthy, berti, bertie, berttie, bertty, berty, birdie
bertina, berti
berton, bert
bertram, bert, bertie, burt
beryl, berri, berrie, berry
bethany, beth
betty, bettye
beverly, bev, beve, bevie, bevvy, bevy, verly
bianca, blinnie
birdie, bird, byrd
bly, blye
bobby, bobbye
bonita, boni, bonie, bonne, bonnee, bonney, bonni, bonnie, bonny, bonnye
bradford, brad
bradley, brad, bradd, braddie, braddy, brade, bradey
brandon, brand, brando, brann, branny
brandy, brand, brann
breann, bree
brenda, bren, brena, brend, brendi
brenna, bren
brian, bri, bry, brya, rian, ryan
brianna, bria
brianne, bryn, brynn, brynne
bridget, beret, biddy, bride, bridey, gitta
brina, brinn, bryn
brita, brit
britani, brit
brittany, annie, anny, brit, britt, britta, brittai, britte, brittie
broderick, brody, ricky, rod
bronson, bron, bronnie, bronny
bronwyn, bron, bronia, bronney, bronnie, bronny
bruce, bru, brucey, brucy, brue
brumback, brumbach
brunhilda, hilda
buddy, bud
burton, burt
bushman, buschman
caitlin, caeley, cayley
calandra, caelan, cailan, calan, caylan, kalan
caleb, cale
callie, cal
callista, callie
calvin, cal, calv, calvi, calvo
calypso, cally, caly, lypsie, lypsy
cambria, cambie
cameron, cam
camile, cammie
camille, cami
candace, cace, canda, candi, candy, kandi, kandy
candice, candi
candida, candi, candia
carina, carin, carine, caryn
carlos, carl, carlo
carlton, carl
carly, carlye
carmela, carmi, carmie, leeta, lita, melita
carmen, carme, carmi, carmie
carney, car
carolann, carol
carol, carrie, carro
carole, carrie
caroline, carey, carol, carole, carrie, carry, cary, cassie, lynn
carolyn, carol, carrie, carry, lyn, lynn
carroll, cary
cassandra, cass, cassie, sandra, sandy
cassidy, cass, cassey, cassie
catherine, cath, cathay, cathe, cathee, cathey, cathi, cathie, cathy, cathye, kate, katie, cassie
cathleen, cathi, cathy, cassie, lena
cecelia, cece, cee, ceil, ceila, celia, cissy, selia, sheila, sile, sissy
cedric, cad, ced
cerise, cherise
chardonnay, char, chardae, chardon
charla, char
charlene, charl, charla, charlae, charlay, charlaye, charle, charlee, charlei, charley
charles, charley, charli, charlie, charly, charlye, chas, chuck, chuckie, chucky, chuk, chuki, chuks, carl
charlotte, carly, char, charl, charle, charli, charlie, charlo, charly, charo, charr, charra, charri, charrie, lotta, lotte, lotti, lottie, lotty, tottie
chasity, chassie
cherilyn, cher
cheryl, char, chere, cheree, cheri, cherie, cherre, cherri, cherrie, cherry, cherrye, chery, shar, sheri, sherrie, sherry
chester, ches, chet
cheyenne, chey, chi, chie
chiquita, chickie, chicky
chloe, clo
chrintina, crissy
chrintine, crissy
christa, chris
christian, chris, cris, crist
christina, chrissie, christee, christey, christi, christie, cristie, cristy, kristi, kristie, kristy, chris, tina
christine, chrissy, christee, christey, christi, christie, christy, chrisy, chrys, chrysti, chrystie, cris, crisey, criss, crissie, crissy, cristi, cristie, cristy, chris
christopher, chris, chriss, christos, kester, kit, kriss, risto, tobal, topher, kristof, kristofer, kristopher, toph
cinderlla, cindy
clara, clar
clarence, clare, lar, larry, skip, skippy
clarissa, clara
claudia, claud, claudi, claudie
clement, clem, menz
cleopatra, cleo
cletus, clete
cleveland, cleave, clevey, clevie, clevon, leland
clifford, clif, cliff, cliffe, cliffer, cliffie, clift
clifton, cliff, clift
clinton, clint
clyde, cly
coca, cocca
coco, cocco
colby, cobi
colette, coe
colin, cole
colleen, callie, colee, coli, collee, collie, collye
conchita, chita, concha
connie, con
conrad, connie, cort
constance, coni, conie, conne, connee, conni, connie, connielee, conny, constanc, cony, conzy
constancia, connie
constantine, connie, constant, costa
corbett, corby
cordell, cord, cordie
cornelia, cornie, corny
cornelius, conny, corney, cornie, nelius, nellie, neil
cosmo, cos
courtney, cori
coy, coye
crystal, chris, cris, crys, crysta, crysti, krista, krysta
curtis, curt, curte, kurt
cynthia, cind, cinde, cindee, cindey, cindi, cindie, cindy, cyn, cynde, cyndee, cyndey, cyndi, cyndie, cyndy, cynthy
cyrus, cy
dakota, dac, dack, dak
dallas, dal, dall
dalton, dal, dalt
damica, damie
damita, damee
dana, dane
daniel, dan, dani, danie, danne, danney, danni, dannie, dannny, danny, dannye, dany, danye, danyi, nilo
danielle, dannie, danny
dante, dant
darby, darb
darcy, dar
daria, dari
darius, dare
darlene, dar, dara, darla, darlie, darly, darra, lena
darren, dare
david, dave, davey, davi, davie, davy
david, dave, davey, davi, davie, davy
dawn, dawnie, dawny
day, daye
dean, deano, dino, dinos
deangelo, dang
deanna, de, dea
deanne, dea
deborah, deb, debb, debbe, debbi, debbie, debby, debbye, debe, debi, debie, debo, debs, deby
debra, deba, debah, debr, deb, debbie
deirdre, dee, didi
delaney, del, dell
delbert, bert, del, dell
della, del, dell
delores, dee, del, delsie, della
deloy, deloye
delphine, delpha, delphe, delphi
denise, dene, denee, deney, deni, denie, denni, dennie, denny, dinnie, dinny, nisse, nissey
dennis, den, denn, denne, denney, denni, dennie, denny, deno
dennison, dennis
derek, dere, deree, derk, derr, derrie, derry, eric, rick, ricky
derick, rick, ricky, derrick, deric
desiree, desi, dessa, dessie
desmond, des, desi
destiny, desta, destin, desty
devin, dev, devy
dexter, decca, deck, decka, dekka, dex
diana, ana, di, dy
diane, ann, di, dy
dillon, dil, dill, dillie, dilly
dionne, dion
dixie, dix
dolly, dol, doll
dolores, dee, do
domenic, dom
dominic, deco, dom, dominy, nick
dominico, dom
donalda, doni
donald, don, donee, doney, doni, donie, donn, donnay, donne, donnee, donney, donni, donnie, donny, donnye, donnell
donato, don
dora, dor
doreen, dora, dorie
doria, dori
doris, dor, dora, dorri, dorrie, dorry, dorsie, dot, dottie, dotty
dorothy, do, doa, doddie, dodi, dodie, doe, dollie, dolly, dori, dosi, dosy, dot, dott, dotta, dotte, dotti, dottie, dotty, dottye, doty, dora
dottie, dot
douglas, dou, doug, douge
drey, drye
drusilla, drusi
dry, drye
dudley, dudd
dulcinea, dulcie
dustin, dust, dustie, dusty
dustine, dustee, dusti, dustie, dusty
dy, dye
edgar, ed, eddie, eddy
edith, eddy, ede, edee, edi, edie, edy, edye, ettie
edmond, ed, eddie, eddy
edmund, eddie, ed, eddy
edna, ettie
eduardo, ed, eddie, eddy
edward, ed, edd, edde, eddey, eddi, eddie, eddy, eddye, eddys, edie, edo, edw, edwa, edy, ned, ted, teddie, teddy, tedy, theo, ward
edwina, eddy
edwin, ed, eddie, eddy, edwi, ted, teddy
edyth, edie, edye
edythe, eddie, ettie, edie, edye
eileen, ailey, aili, ailie, aily, allee, ei, eil, eila, eilee, eily, ilea, ilee
elaine, el, elain, ell, ellie, elly, lainey, lainie, laney, lani, lanie
elbert, elbie, bert
eldora, dora
eldridge, el
eleanor, ele, elea, ellie, elly, elaine, ellen, nora
elfrida, elfie
elias, lee
elinor, ellie, elly
elisa, lisa
elise, liese, lissie
elisha, lisha
elita, litia
elizabeth, besie, bess, besse, bessi, bessie, besssie, bessy, bessye, besy, bet, beta, beth, bethe, bethsy, bethy, beti, betsey, betsi, betsie, betsy, betsye, bett, bette, bettee, bettey, betti, bettie, bettsy, betty, bettye, bety, betzi, betzy, eliza, elle, libbie, libby, lisa, liz, liza, lizzie
eliza, elzie
ellen, el, ella, elle, elley, elli, ellie, elly
ellis, eli
elmer, elmo
elsa, ellie, elsie, elzie
elvin, el
elwood, woody
emanuel, eman, emek, maco, mango, mannie, manny
emeline, emily, emma
emily, emi, emie, emme, emmi, emmie, emmy, emy, emma
emma, ema, emm, emmi, emmie, emmy
emmett, em, emmy
eric, ric, ricc, riccie, riccy, rici, ricie, rick, ricy
erin, errie
ernest, earn, earnie, erne, erney, erni, ernie, ernny, erno, erns, ernso, erny
ernestine, erna, ernie
ervine, erv
erwin, erv
esmeralda, esme
estella, stella
estelle, essie, estee
ester, esther
esther, es, essie, esth, estha, esthe, esti, estie, esty, etta, ettie, etty, hettie, hetty
ethan, ethe
ethel, eth, etha, ethe, ethie
eugene, ege, eug, euge, eui, gene
eunice, euna, eunie
evan, ev
evangelina, eva
evelyn, avi, avia, avie, ev, eva, eve, evea, evee, evi, evie, evvie, evy
everett, ev
ezekiel, ezeck, zech, zeke
fabian, fabe, fabi
faith, fay
fanny, fan
farley, far
fay, faye
felix, fee
ferdinand, ferd, ferda, ferdie, ferdy, nando, fred, freddie, freddy
fernanda, andee, ferdie, fern, nanda
fifer, pfifer
fitzgerald, fitch, fits, fitz, gerald
flannery, flan
florence, flo, floe, floie, flor, floree, florie, florrie, flossie, flora
flossie, floss
foy, foye
frances, fanny, fran, france, franci, francia, francy, francye, frani, frankie, frann, franne, franni, frannie, franny, frany, francie
francheska, cheka
francine, fannie, frannie, fran, francie, franny
francis, fannie, fanny, fran, france, francie, francy, frang, frank, frannie, franny, frankie
frank, francky, franke, frankee, frankey, franki, frankie, franky, frankye
franklin, fran, frankie, frank
frederica, freda, freida, fritzi, rike
fredericka, ferda, freda, ricka
frederick, ferd, fready, fred, freddi, freddie, freddy, frede, fredi, fredie, fredy, freidy, fritz, rick, ricky
frederika, fredie
fred, frady, freadie, frede, fredi, fredie, fredy, freidy
fredrick, fred, freddy
frieda, fred, freddie, freddy
frommer, pfrommer
fry, frye
gabriela, gab
gabriel, gab, gabby, gabe, gabys, riel
gabriella, gab, gabbie, gabrielle, gaby, ella, gabby
gabrielle, gaby, gabby
garrett, gar
garvey, garv
garvin, gar
gary, gar
gavin, gav
gay, gaye
gemma, gem
gena, gen
geneen, gen
geneva, geena, gen, gena
genevieve, gen, gena, genie, gennie, genny, jenny, eve, jean
genna, gen
geoffrey, geoff, jeff
george, geo, geogey, georgie, georgy
georgia, georgi, georgie
georgine, george
geovanni, geovan
gerald, garrie, garry, gary, ger, gerry, jer, jere, jerry
geraldine, gere, geree, geri, gerri, gerrie, gerry, gery, jeree, jerri, jerry
gerard, gerd, gerry
gertrude, gerda, gert, gerta, gertey, gerthie, gerthy, gerti, gertie, gerty, girtie, trudi, trudie, trudy
gilbert, bert, gib, gill, gil, wilber
gilberte, gigi, gill
gilda, gildi, gildie, gildy
gillian, gili, gill, gillie, lian
gina, gin, gini
ginger, gin, gini
ginny, gin
giovanni, gian, gianni
gladys, glad, gladie, glady
glenna, glenn
glenn, glennie, lennie, lenny, glen
gloria, glo, glor, glori, glorie
golda, goldi, goldy
gordon, gord, gordie, gordo, gordy
grace, gracee, gracey, graci, gracie, gracy, gracye
gregory, gre, greg, gregg, greig, grieg
grey, greye
griffin, griff, griffie, griffy
griffith, griff, griffie
guinevere, genn, guinna, gwen
gunther, gun
gussie, gus
gustav, gus, guss, gussie, gusty, tabo, tavo
guy, guye
gwendolyn, gwen, gwenda, wendy
gwyneth, gwyn
hadley, had, lee, leigh
hamlin, lin
hannah, ann, anna, hanna, hanne, hanney, hannh, hanni, hannie, hanny
harold, hal, harr, harri, harrie, harry, herr
harriet, harri, harrie, hattie, hattye
harrison, harris, harry, henry
harvey, harv
hay, haye
hector, hec
hee, heye
helen, hel, heli, helia, heliana, hella, helle
henrietta, etta, hattie, hatty, henia, henka, henna, henny, henya, hetta, hetti, hettie, hetty
henry, hank, harry, hal
herbert, bert, berty, heber, herb, herbe, herber, herbey, herbi, herbie, herby, huey, hughey, hughie, hughy
herman, herm, hermie
hester, hetty
hey, heye
hilda, hild, hilde, hildi, hildie, hildy
hildegarde, hilda
hipsbibah, hipsie
honora, honey, honner, honnor
howard, how, howe, howie
hoy, hoye
hubert, bert, hubie, hugh
hugh, huey
humphrey, hum, hump
hunter, hunt
huntley, hunt
hy, hye
hyman, hy
ignatius, iggy
iliana, ili, ilia
imelda, melda
irene, ire, iree, iri, rena, rene, rennie
irina, irin, rina
irving, ervy, irv
isaac, ike, ikey, ikie, izzy
isabel, isa, belle, issy
isabella, isa, issi, issie, issy, iza, bella
isabelle, belle, issy
isadora, dora, issy
isadore, izzy
isaiah, isa
israel, izzy
ivette, ivey
jack, jackie
jacobi, coby
jacob, jac, jackie, jaco, jae, jake, jakee, jakey, jakie, jeks, jim, jay
jacqueline, jacci, jaccie, jaci, jacke, jackee, jackey, jacki, jackie, jackki, jacky, jackye, jacqu, jacque, jacquee, jacqui, jacquie, jaqui, jaquie
jacquelyn, jackie, jacky
jamal, jam
james, jamey, jami, jamie, jammie, jammy, jamy, jamye, jas, jim, jimbo, jime, jimi, jimie, jimm, jimme, jimmee, jimmey, jimmi, jimmie, jimmmie, jimmmy, jimmy, jimmye, jimy, jimye
jane, jainy, janee, janey, janie, jayni, jaynie
janet, jan, jann, janna, janney, janni, jannie, janny
janice, jan, janie, jannie, janye
jarita, jara, jari
jasmine, jasme, jasmea, jasmi, jasmie, jassy, jazmi, jazzmie, jazzy
jason, jass, jay
jaspreet, jas
jay, jaye
jeanette, gene, genie, jean, jeane, jeanne, jeannie, nette, nettie
jean, jeane, jeanee, jeaney, jeanhee, jeani, jeanie, jeannee, jeannie, jeanny, jeany, joan
jebadiah, jeb
jefferson, jeff
jeffrey, geff, geof, geoff, jef, jeff, jeffe, jeffey, jeffi, jeffie, jeffy, geoffrey
jemima, jem, jemma, jemmia, jemmie, jemmy
jemma, jem
jenilee, jenelee
jenna, jen
jennifer, gena, genna, genne, genni, gennie, genny, geny, ginny, jen, jena, jeney, jeni, jenia, jenie, jenn, jenna, jennae, jennay, jenne, jennea, jennee, jenni, jennie, jenny, jennye
jeremiah, jerry
jeremy, ger, gere, gerrie, gerry, jer, jere, jerrie, jerry
jerold, jerry
jerome, jeromie, jerry, jery
jesse, jess, jessee, jessey, jessy
jessica, jes, jese, jesi, jesie, jess, jessa, jesse, jessee, jessey, jessi, jessie, jessy, jessye
jesus, jessie, jesu, jesy
jevette, jetta
jezebel, jez, jezel, jezell, jezelle
jillian, gilla, gilli, gilly, jill, jilly
jill, jilly
jinny, jin
joan, jean, jo, joa, joane, joani, joanie, joanny, joany, jonae, jonaee, jonie
joanna, jo
joanne, jo
joann, jo
jocelyn, joci, jocia
joel, joe
johannah, hannah, jo
johanna, jo
johann, john
johna, johnee, johni, johnnae, johnnay
john, jac, jack, johhnie, johhny, johnay, johne, johney, johnie, johnne, johnney, johnni, johnnie, johnnny, johnny, johnnye, johny
jolanda, jola, jolan
jolene, jo, jole, jolee, joley
jonathan, jon, nathan, john
jon, jonne, jonney, jonni, jonnie, jonny, jonnye, jony
jordan, dan, geordi, geordie, geordy, jor, jord, jordee, jordey, jordi, jordie, jordy
jose, jos, josa, josee, josse
josephina, fina, joeei, joie, joii, joise, joisy
josephine, josie
joseph, j0e, jody, joe, joei, joes, joey, joie, jojo, jose, josey, peppe, pino
joshua, josh, joshi, joss, jossie, josy, joe
josophine, jo, joey, josey
jossalin, jossie
jovanna, jovann
joyce, joy
joy, joye
juana, joney, joni, jonie, jonnae, jonnay
juanita, juana, juani, nita
juan, jua, juane, juanny
judith, juddie, juddy, juddye, jude, judee, judi, judie, judy, judye
julia, juli, julie
julian, jule, jules
julie, jul
justine, juste, justi, justie, justy
justin, just, justi, justie
kaitlyn, katey, katly
kamilah, kami
karen, karey, kari, kariny, karri, karrie, kary, keri, kerri
karin, karey, kari, kariny, karri, karrie, kary, keri, kerrie
karty, kartye
karyn, karey, kari, kariny, karri, karrie, kary, keri, kerrie
kassandra, kassi, kassie
katelin, kate, kay, kaye
katelyn, kate, kay, kaye
katherine, cai, cait, calina, cata, cath, cathy, catina, catocha, catuca, catucha, ceit, kaatje, kaethe, kahtia, kai, kait, kaite, kaithi, kaity, kajsa, kasia, kasienka, kasin, kaska, kassie, kata, kataya, kate, katee, kateena, kateera, katey, kath, kathe, kathee, kather, katheri, kathey, kathi, kathia, kathie, kathiee, kathr, kathry, kathy, kathye, kati, katia, katica, katie, katri, katria, kattery, katti, kattia, kattie, katty, katy, katya, katyana, katye, kay, kaya, kayah, kaye, keita, keti, kitty, rina, trina, trine, triona, tryn
kathleen, cath, kat, kata, kate, katey, kath, katha, kathel, kathey, kathi, kathie, kathiee, kathl, kathle, kathlee, kathy, kati, katie, katti, kattie, katy, katye, kay, kaye, kitti, kittie, kitty, kittye, lena
kathryn, kathy, katie, kate
kay, kaye
kee, keye
kelly, kellye
kenan, ken, kenn
kenard, kenar
kendal, ken, kend, kenda, kendo, kendoa, kene, kenee, keni, kenn, kenne, kenney, kenni, kenny
kendall, ken, kend, kenda, kendo, kendoa, keni, kenn, kenne, kenney, kenni, kennie, kenny
kendell, ken, kenda, kendo, kendoa, kene, kenee, keni, kenn, kenne, kenney, kenni, kenny
kendra, kendr
kendrick, ken, kene, keni
kenia, keni
kenisha, kennys, kesha, kiesha
kennard, ken, kenee, kenni, kennie, kenny
kennedy, kena, kendy, kenee, kenna
kenneth, ken, kenae, kenagh, kenai, kene, kenea, kenee, keni, kenn, kenne, kenney, kenni, kennie, kenny, kennye, kenye
kent, ken, kenti
kenton, kent
kessie, kess
kevin, kev, keve, kevi, kevie, kevy
key, keye
keziah, kissie, kizzie, kizzy
kieran, kern
kimball, kim
kimberley,kimberlee, kim
kimberly, kimb, kimbe, kimbi, kimi, kimie, kimm, kimmay, kimme, kimmee, kimmer, kimmey, kimmi, kimmie, kimmy, kimy, kym, kymber, kyme, kymm, kymme, kim
kirsten, kirsty
kitty, kit
korina, kori
kristen, chris
kristina, kristie
kristine, kristi, kristie, kristy
kristin, kris, kristy, chris
kristy, chris
krystal, kristi, kristy
ky, kye
kyle, ky, kye
lambert, bert
lamont, monty
larry, larr
latisha, tish, tisha
laura, laua, laur, laurelle, lauri, lolly, lori, lorie
laurence, lanny, larry, lauren, rance
lauren, laur
laurie, laur
lawrence, chencho, lannie, lanny, lari, larie, larre, larrey, larri, larrie, larrry, larry, lary, laryy, laurie, lawre, lencho, lenci, renzo
lay, laye
leah, lee
leilani, lani, lei
leland, lee, leigh
lenora, nora
leo, lee
leonard, len, lenn, lennie, lenny, leonie, leo, leon
leon, lenny
leroy, lee, leigh, roi, roy
leshawn, shawn
lester, les, lessie
leticia, leisha, leshia, let, leta, letha, lethia, letty
levi, lev
lewis, lew, lewie, lewy, lou, louie, luey
libby, lib
lilith, lilly, lily
lillian, lil, lili, lillie, lilly, lily, lis
lily, lil
linabel, lin
linada, lin
linae, lin
linaida, lin
linal, lin
linaloy, lin
linann, lin
linaya, lin
linda, lin, lind, linde, lindee, lindey, lindi, lindia, lindida, lindie, lindy, line, linee, lini, linn, linne, linnie, linny, liny, lyde, lydi, lydie, lynd, mallie
lindell, lin, linde
lindsay, lindy, lins, lyndy, lyndye
lindsey, lindy, lins, lyndy, lyndye
lindsi, lin
linear, lin
linell, lin
linette, lin
lin, linee, linh, lini, linney, linnie, linny, liny
linnea, linn
linn, linee, lini, linner, linney, linnie, linny, liny
linsey, lin
linya, lin
linzel, lin
lisa, isa, leis, lis, lys, lyz
lorenzo, renzo, zo
loretta, loret, lorett, lori, lorie
lori, laur
lorraine, lari, larie, lori, lorie, lorri, lorrie
louise, lola, lou, lu, lois
louis, lou, lu, lui
lowell, lowe, luvie
luann, lu, lua
lucas, luke
lucias, luke
lucille, lucie, lucy
lucinda, lucy, lou
luella, lou, lu, lula, lulu
luke, lucky
lury, lurye
lydia, liddy, lidi
lyle, ly
ly, lye
lyndall, lyn, lynd
lynda, lyn, lynd, lynde, lyndee, lyndi, lyndie, lyndy, lyndye, lyne, lynee, lynn, lynnde, lynne
lyndell, lyn, lynde
lyndia, lindi, lyndi
lyndon, lin, lyn, lynn
lynell, lyn, lynn, nel, nell
lynette, lyn
lyn, lynee, lyney, lynie
lynnda, lynn
lynne, lynnee, lynnie
lynn, lynnee, lynnie
mabel, mab
macartney, mccartney
macauley, maccauley, mccauley
machain, mcchain
maclaren, mcclaren
maclean, mcclean
maclellan, mcclellan
maclennan, mcclennan
macleod, mccleod
macomber, mccomber
madeline, lena, maddie, madge, madie, maida, maddy, maggie, maud
madelyn, maddy, madie
madison, maddy
magdelina, lena, madge, maggie
malcolm, mal
mallory, malley, mallie
manuel, mango, mannie, manny, mano
marcus, mark
margareta, margee, margey, marggie, marggy, margi, margy
margaret, ghita, greet, greetje, gret, greta, grete, gretja, griet, grietje, guidinha, ita, madge, mag, maggi, maggie, maggy, maghee, magi, magie, mago, magy, mame, mamey, mami, mamie, mammie, mamye, marg, marga, margarie, margay, marge, margee, margerie, margia, margie, margo, margos, margot, margoth, margrei, margui, margy, mariguita, marit, marje, marji, marjia, marjie, marjor, marjy, mart, marta, meddie, meg, meggie, merete, meta, metta, mette, mettie, metty, peg, pegg, pegge, peggi, peggie, peggy, peggye, pegi, polly, rita, tita
margaretta, marggie, marggy, margy, gretta, madge, marge
margarette, margee, margey, marggie, marggy, margi, margy
margarita, margee, margey, marggie, marggy, margi, margy
margarite, margee, margey, marggie, marggy, margi, margy
margery, marge
margherita, margee, margey, marggie, marggy, margi, margy
marguerita, margee, margey, marggie, marggy, margi, margy
marguerite, margee, margey, marggie, marggy, margi, margie, margy
maria, chepa, chulia, mai, malita, mari, marica, marichu, mariquilla, ria
marilyn, lyn, lynn, lynne
marjorie, marge, margie, marjie, marjor, marjy, margy
marjory, marge, margie, marjor, marjy
mark, marce, marci, markee, markei, markey, marki, markie, marky
marlene, marla, marlee, marley
marshall, marsh
marsh, marsch
martha, marth, martie, marty
martina, marta, marti, tina
martin, mart, marti, martie, marts, marty
marvin, marv
mary, maireag, marye
mason, mase, sonny
mathew, hew, hugh, mads, mait, mat, mata, mate, math, mather, mathes, mati, mats, matt, matth, matthe, matti, mattia, mattie, matts, matty, matya, matz, motya, teo
mathilda, mattie, matty, tillie, tillis
matilda, mattie, matty, tillie, tillis, tilla
matthew, hugh, mads, mat, mata, mate, math, mathe, mather, mathes, mathi, mati, mats, matt, matth, matthe, matti, mattie, matts, matty, matya, matz, motya, teo
maude, madie
maureen, maurie, maury
maurene, mo
maurice, maur, maury, moore, morey, morrie
maximilian, max, maxey, maxi, maxie, maxim, maxon
maxine, max, maxa, maxeen, maxey, maxi, maxie, maxy
maxwell, max, maxy
may, maye
maynard, may, mayne
mcadams, mccadams
mcalister, mccalister
mcallen, mccallen
mcallister, mccallister
mcall, mccall
mcane, mccane
mcarthy, mccarthy
mcauley, mccauley
mccaig, mckaig
mccain, mckain
mccallister, macallister
mccall, macall
mccane, mckane
mccan, mchan
mccartney, macartney
mccarty, mccarthy
mccaskill, macaskill
mccauley, macauley
mcclain, maclain
mcclellan, maclellan
mccoon, mckoon
mccowen, mckowen
mccown, mckown
mccoy, mckoy
mccrae, macrae
mccright, mcwright
mccrum, macrum
mccuen, mceuen
mccumber, macumber
mccune, mckune
mccusker, mckusker
mcewen, mckewen
mckague, mccague
mckamey, mccamey
mckay, mccay
mclafferty, mcclafferty
mclaine, mcclaine
mclain, mcclain
mclanahan, mcclanahan
mclane, mcclane
mclaren, mcclaren
mclarty, mcclarty
mclay, mcclay
mclean, mcclean
mcleary, mccleary
mclee, mcclee
mclees, mcclees
mclelland, mcclelland
mclellan, mcclellan
mclennan, mcclennan
mclennon, mcclennon
mcleod, mccleod
mcloud, mccloud
mcloy, mccloy
mclure, mcclure
mcomber, mccomber
mconnell, mcconnell
mcowen, mccowen
mcown, mccown
mcoy, mccoy
mcrae, mccrae
mcrary, mccrary
mcray, mccray
mcrea, mccrea
mcree, mccree
mcright, mccright
mcroy, mccroy
mcullon, mccullon
mcumber, mccumber
mcune, mccune
meager, meagher
megan, meg, meghan
melanie, mel
melinda, mindy, linda, mel
melissa, lissa, mel, missa, missy, lisa
meredith, meredy, meridie, merry
merton, mertie
mervin, merv
michael, mick, mickey, mickie, micky, mico, mike, mikie, myke
michaelson, michael, mike
michale, mic, mike
micheal, mic, mike
michelle, chelle, missi, missie, missy, shell, shelle, shelley, shelli, shelly, shellye
mickel, mic, mick, mike
mickey, mic, mick, mikk
mickie, mic, mick, mikk
micki, mic, mick, mikk
miguel, mico
mikael, mik, mike
mikail, mik, mike
mikal, mik, mike, michael
mikeal, mik, mike
mikell, mik, mike
mikel, mik, mike
mikhael, mik, mike
mikhail, mik, mike
mikki, mik, mikk
mildred, mil, mila, millie, milly
millicent, millie, milly, milzie, missie
minerva, merva, minnie, myna
miranda, mira, miran, randi
miriam, mimi
mitchell, mitch, mytch
molly, moll
monica, mon, mona, monee, monia, monn, monnie
montague, monte
montane, montanye
montgomery, monie, monte, monty
morris, morry, moss
morton, mortie
moses, moe, mose, mossie
moy, moye
mykel, mike, myke
myron, my, ron
nancie, nan, nana, nanae, nanc, nani, nanie, nann, nanna, nanne, nanni, nannie, nanny, nany
nanci, nainsi, nan, nana, nanae, nanc, naneki, nani, nanie, nann, nanna, nanne, nanni, nannie, nanny, nany
nancy, nan, nana, nanc, nani, nanie, nann, nanna, nanne, nanni, nannie, nanny, nany
nanette, nan, nani, nanie, nann, nany
nan, nana, nani, nanie, nanna, nannie
nannette, nan, nann, nanna, nanne, nanni, nannie, nanny
napoleon, leon
natalie, nat, nati, nattie
nathaniel, nat, nate, nathan, thaniel
nathan, nat, nate, natty, nettie
nathon, nat, nate
nelly, nell
nelson, nellie, nils
newton, newt
nguyn, nguyen
nicholas, cola, kolya, lasse, nick, nicky, niki, nickie
nicole, nica, nickie, nicky, nikki, nikkie
nicolson, nicholson
norbert, bert
norman, norm, normie, normy
norris, norie, norrie
norvin, norvie
noy, noye
ny, nye
oakley, oak, oakes, oakie, oaks
obediah, obie
obert, obee, obie
ogden, oddy, odie
olav, ole, olen
oliver, olie, ollie
ophelia, filia, ophie
orlando, lando, olo, orlan, orlie, orlo
orrin, orie
osborn, oz, ozzie
oscar, ocie, ossie, ozie
oswald, oz, ozzie, ozzy, waldo
otto, ottie
pamela, pam, pammi, pammie, pammy
parker, park
parnell, nell
patience, pat, pati, patt, patti, patty, paty
patria, pat, patri
patrice, pat, patri, patti, pattie, patty, paty
patriciana, pat, pati, tricia
patricia, paddy, pat, pate, patei, patery, pati, patie, patra, patsey, patsi, patsie, patsy, patsye, patt, patte, patti, pattie, patty, pattye, paty, patzi, patzy, peggie, peggy, thisha, tricia, trish, trisha
patrick, paddy, pat, patsy, ticho
patrina, pat
patrisa, pat, pati, tricia
patrisia, pat, pati, tricia
paula, pauli
paulette, paulie
paulina, polly
paul, palko, panya, pasha, pauli, paulie, paully, pauly, pava, pavo, pawelek, poli, pusha
pay, paye
pearl, perry
peggy, peg, pegg
penelope, nellie, nelly, pen, pennie, penny, popi
percival, perc, perce, percy
peter, pete
philip, phil, phill, phily
phillip, phil, philip
polly, poll
prescott, scott, scotty
priscilla, cilla, piri, pris, prissy
prudence, prudy
py, pye
quinlan, quinn
quinton, quinn, quint
rachel, ray, rey, shelly
raeleen, raela
rafael, raffy
ralph, ralphie
rames, rhames
ramona, mona
randall, randy
randolph, dolph, randy
raphael, falito
rappley, rappleye
raymond, monchi, mondo, mundo, raime, ram, rame, ramee, ramey, rami, ramie, rammy, ramy, ray, raye, rayme, raymey, raymi, raymie, rey, reye
ray, raye
read, rhead
rea, rhea
reaume, rheaume
reaves, rheaves
reba, rheba
rebeca, rebbecca, rebecca
rebecca, becca, beccah, becci, becka, beckee, beckey, becki, beckie, beckis, becky, bekah, beki, bekka, bekki, bequi, bequita, reb, reba, rebah, rebba, rebbie, rebcca, rebe, rebec, rebecc, reeba, riki, ryba
ree, reye, rhee
rees, rhees
regina, gina, rane, reggi, reggie, reggy, regi, regia, regie, regin, regis, reina, rena
reginald, reggie, reggy
rein, rhein
ren, rhen
reome, rheome
reuben, rube
rew, rhew
reynold, rey
rey, reye
rhiannon, rhian, rhianna, rhianne, rian, riana, riane, riann, rianna
rhonda, rhonnie
rhyne, reyne
ricardo, ric, ricci, ricco, riccy, rici, rick, ricko, rico, riko
richard, dick, dickee, dickey, dicki, dickie, dicky, dickye, ric, ricci, ricco, rich, richee, richey, richi, richie, richo, richy, rici, rick, ricke, rickee, rickey, ricki, rickie, ricko, ricky, rico, rik, riki, rikki, riko, ritch, ritche, ritchey, ritchie, ritchy
richardo, ric, rich, richey, richi, richie, richy, rico
richardson, richard
ricki, ricci
rick, ric, rickey, ricki, rickie, ricky
rico, ric
ried, rhed
rim, rhim
rinehardt, rhinehardt
rinehart, rhinehart
rine, rhine
rines, rhines
ritchie, rich, ritch
roades, rhoades
roads, rhoads
roan, rhoan
roberta, bobbie, bobie, robbi, robbie, robby, birdie, birtie
robert, bob, bobbie, bobby, boby, rbt, rob, robbie, robby, robie, robin, robr, robt, robyn, bill, billy
roberto, bert, rob
robin, robbi, robby
rochelle, roch
roda, rhoda
roden, rhoden
rode, rhode
roderick, rhoderick, rod, roddy, rory, ruy
rodes, rhodes
rodney, rod, roddy
roe, rhoe
roger, rog
rolanda, ralna
roland, rollie, rollo, rolly
rome, rhome
romey, romie, rommie, rommy, romy
ronald, ron, ronay, roncie, ronde, rondie, rondo, rondy, rone, ronee, roney, roni, ronie, ronii, ronn, ronnae, ronne, ronnee, ronney, ronni, ronnie, ronny, ronnye, rony, ronyay
rona, rhona
ronda, rhonda
rondel, rondey, rondie
rone, rhone
ro, rho
rosabel, belle, rose, roz
rosabella, bella, rose, roz
rosalyn, ros, rose, roz
rosanna, ranna, rosie
roseann, ann, rose
roseanna, rose
rose, rosalie, rosemarie, rosemary, rosie, rossie, rosy
roten, rhoten
roton, rhoton
roule, rhule
roxanna, rose
roxanne, roxey, roxie, roxy, rose
royce, roy
roy, roye
ruby, rubie, rubye
rude, rhude
rudolf, dolf, rudy
rudolph, dolf, dolph, rolf, rolph, ruddy, rudie, rudy
rudy, rhudy
rue, rhue
ruhle, rhule
rule, rhule
rump, rhump
russell, rush, russ, rusty
ruston, rusty
ruth, ruthi, ruthie, ruthy, ruti
ryan, rhyan
rymer, rhymer
rymes, rhymes
ryner, rhyner
rynes, rhynes
sally, sadie, sal
salome, sallie, sally
samantha, sam, sami, sammie, sammy
samuel, sam, samie, sammie, sammy
sandra, san, sand, sanda, sande, sandee, sandi, sandie, sando, sandr, sandrie, sandry, sandt, sandy, sandye, sann, sanndy, saundi, shandi, shandia, shandice, shandie, shandy
sara, chara, sadie, sadye, sally, saretta, sarette, sarie, sarika, sasa, sassa, sela
sarah, chara, sadie, sadye, sally, saretta, sarette, sarie, sarika, sasa, sassa
saul, solly
say, saye
schellman, shellman
scott, scotte, scotti, scottie, scotto, scotty, skotti
sebastian, bastian, sebo, sepasetiano
seely, seelye
selena, selie
shannon, shannie
sharon, sharey, shari, sharie, sharrey, sharri, sharrie, sharry, shary, sheri, sherri, sherrie, sherry, shyri
shawna, shawn, shawne
shelby, shel
sheldon, shel, shell
shelley, shell, shelle
shelly, shell, shelle
shelton, shelly, tony
sherman, sherm, shermie, shermy
sherwin, win
shirley, sher, sherl, shirl, shurl, sherry
shoemaker, schoemaker
shoenberger, schoenberger
shona, shone
shonberg, schonberg
showalter, schowalter
shrader, schrader
shroeder, schroeder
shulman, schulman
shulte, schulte
shultz, schultz
shumacker, schumacker
shumaker, schumaker
shutt, schutt
sigmund, sig, siggy, sy, ziggy
simone, simmi, simmie
simon, si, sim, simm, simmie, simmy
sly, slye
smith, smitty
solomon, sol, sollie, sal
sophia, sophie, sophy
spencer, spence
srader, shrader
stanley, stan
stefan, steavie, steef, steffel, steive, steny, stepa, stepek, steph, stephe, stepik, stepka, stepousek, stev, steve, stever, steves, stevey, stevie, stevo
stephanie, steffey, steffi, stephie, stevie
stephan, steavie, steef, steffel, steive, stenya, stepa, stepek, steph, stephe, stepik, stepka, stepousek, stev, steve, stever, steves, stevey, stevie, stevo
stephen, steavie, steef, steffel, steive, stenya, stepa, stepek, steph, stephe, stepik, stepka, stepousek, stev, steve, stever, steves, stevey, stevie, stevo
steven, steef, steive, stenya, stepa, stepek, steph, stephe, stephen, stepik, stepka, stepousek, stev, steve, stever, steves, stevey, stevie, stevo
stewart, stew, stu
sullivan, sully, van
susana, anna, sanna, shoshi, shoshy, sue, sus, susa, suse, susi, susie, sussi, sussie, sussy, susy
susanna, anna, sanna, shoshi, shoshy, sue, sus, susa, suse, susi, susie, sussi, sussie, sussy, susy, susan
susannah, anna, sanna, shoshi, shoshy, sue, sus, susa, suse, susi, susie, sussi, sussie, sussy, susy
susan, sue, sus, susa, suse, susette, susi, susie, suskie, sussi, sussie, sussy, susy, suz, suzanne, suze, suzee, suzette, suzi, suzie, suzy, suzzee
suzanna, anna, sanna, sue, suz, suze, suzee, suzi, suzie, suzy, suzzee
suzette, sue, sussi, sussie, sussy, suz, suze, suzee, suzi, suzie, suzy, suzzee
sybil, sib, sibbie, sibby
sydney, sy, syd
sylvester, sly, syl
sylvia, syl
tabitha, tabby
tamara, tamma
tania, tanya
tanner, ran, tannie, tanny
tanya, tany
tatiana, tata, tati, tatia, tatie
taut, thaut
teall, theall
teel, theel
teim, theim
teo, theo
terence, terry
teresa, teri, teris, terri, terry, tete, theresa, tess, tessa, tessie
teresia, theresia
teressa, theressa
terrence, terri
terres, therres
thaddeus, tad, thad
theodora, teddy, thea, theo, tillie, tilly
theodore, ted, teddie, teddy, theo
theresa, teri, terisa, terri, terrie, terry, tery, tess, tessa, tessie, therese
theresia, theresia
thomas, koma, komaki, thomi, thommie, thommy, thos, tom, tome, tomi, tomie, tomm, tomme, tommey, tommi, tommie, tommy, tommye, tomy, thom
thomason, thomas
thom, tom, tommy
tielman, thielman
tiel, thiel
tiesen, theisen
tiessen, thiessen
tiffany, tiff, tiffy
timothy, teyo, tim, timi, timm, timmey, timmi, timmie, timmy, timo, timot, timoth, timy, tomek, tymek, tymon
tisha, tish
tobias, tobie, toby, tobin
toinette, toni
tomasina, tommie
tomas, tom, tomasito, tomi, tommi, tommie, tommy
toma, thoma
tome, thome
tomie, tom
tomisin, thomison
tomi, tom
tomlison, thomlison
tommaso, tom
tommie, tom
tommi, tom
tommy, tom, tommye
tomothy, tom
tompkins, thompkins
tompson, thompson
tomsen, thomsen
tomson, thomson
toms, thoms
tomye, tom
tonia, tonya
torrence, toren, torin, torn, torr, torry, tory
toy, toye
tracy, trace
trenton, trent
trevor, trev
trisha, trish
trish, trisch
tristan, tris
tristen, trista
trixie, tris, trix
tully, tull
tuotte, thuotte
tyler, ty
tyne, thyne
tyrone, ty
tyson, ty, tyce
ty, tye
uriel, urie
valentine, val
valerie, lera, val, vale, valli, vallie
valeri, val
# value, alternate value
vance, vancie
vanessa, van, vanna, vanni, vannie, vanny
vasilis, vas
vernon, vern, verne, vernie
veronica, vera, veron, verone, vonni, vonnie, vonny, vron, ron, ronnie, ronny
victoria, toria, vickey, vicki, vickie, vicky, tori, torie, torri, torrie, tory
victor, vic, vick
vincent, binky, vin, vince, vinnie, vic
vincenzon, vic
vincenzo, vin, vinnie
vinson, vince
viola, vi
violet, vi
virgil, vergie, virgie
virginia, gina, ginia, ginnie, ginny, jinny, virgie
vivian, viv, vivee, vivi
vladimir, dima, vlad
wade, wadie
waganer, wagganer
wagener, waggener
wagoner, waggoner
waldo, wald, waldy
walker, wallie, wally
wallace, walley, wallie, wally
walter, wallie, wally, walt, wat
warner, warnie
warren, ware
warton, wharton
washer, wascher
waylon, way
way, waye
wendell, wendy
wesley, wes, wess
wilbur, will, willie
wilfred, will, willie, willy
wilhelmina, minne, wilma, winnie, minnie
willard, willie
william, bell, belly, bil, bilaal, bilah, bilal, bilam, bilbo, bilel, bili, bilie, bilin, bill, billaal, billal, bille, billee, billette, billey, billi, billie, billy, billye, bily, bilye, wil, wiley, wili, wilie, will, wille, willee, willi, willie, willlie, wills, willy, willye, wils, wm
willie, wil, will, wills, wils
willi, wil, will, wills, wils
will, wil, wills, wils
willy, wil, will, wills, wils
wilmer, wilm
wilson, will, willie
winifred, win, winnie
winnifred, fred, freddie, freddy, winnie, winny
winona, winnie
winston, win
woodrow, wood, woodie, woody
wry, wrye
wyatt, wye
xander, xand, xande
yancy, yan, yance
yardley, lee
yolanda, yola
yoshiyuki, yoshi
zachariah, zach
zachary, zach, zack