<duke>
  <object class="com.allsight.cme.comparator.Name3Comparator" name="n3org_name_ssa-name3_generic">
    <param name="name3Field" value="Organization_Name"/>
    <param name="matchLevel" value="Typical"/>
  </object>
  <object class="com.allsight.cme.preprocessor.Name3OrgNamePreProcessor" name="personorgcontact_n3org_name_name3_orgname_preprocessor">
    <param name="exclusionFile" value="matching_preprocessor_orgname_exclusionlist.csv"/>
    <qualityFilter name="OrganizationName.OriginalName" scanId="" scanSeverity=""/>
  </object>
  <object class="com.allsight.cme.query.Name3MatchingAttributeQuery" name="n3org_name_name3_query">
    <param name="runAsNested" value="false"/>
    <param name="matchAttribute" value="n3org_name"/>
  </object>
  <object class="com.allsight.cme.DukeMaxAggregator" name="max-aggregator"></object>
  <schema>
    <threshold>0.9</threshold>
    <maybe-threshold>0.65</maybe-threshold>
    <property type="id">
      <name>id</name>
      <query></query>
    </property>
    <property type="ignore">
      <name>dssk</name>
      <low>0.5</low>
      <high>0.5</high>
      <query></query>
    </property>
    <property>
      <name>n3org_name</name>
      <low>0.48</low>
      <high>0.71</high>
      <comparator>n3org_name_ssa-name3_generic</comparator>
      <agg-class>max-aggregator</agg-class>
      <query>n3org_name_name3_query</query>
    </property>
  </schema>
  <relationship-bo-name>Contact</relationship-bo-name>
  <relationship-subtype>CONTACT_MATCH</relationship-subtype>
  <match-type>CM</match-type>
  <isreverse-pair>false</isreverse-pair>
  <name3-population>international</name3-population>
  <match-enabled>false</match-enabled>
  <match-config-name>Contact match</match-config-name>
  <match-config-id>contact_personorgcontact_personorgcontact</match-config-id>
  <database class="com.allsight.cme.databases.es.ElasticSearchDatabase">
    <param name="maxSearchHits" value="30"/>
    <param name="indexName" value="org"/>
    <param name="schemaGeneratorClassName" value="com.allsight.cme.CreateDukeRecordMapping"/>
    <param name="mappingFileName" value="matching_index_mapping.json"/>
    <param name="minClauses" value="1"/>
  </database>
  <data-source class="com.allsight.cme.datasources.AllSightColumnarDataSource" name="personorgcontact" nId="15">
    <param name="source" value="true"/>
    <param name="destination" value="false"/>
    <param name="mvelString" value="((e.getEntityMeta().getSourceName().equalsIgnoreCase(&quot;CustomerProfile&quot;)) &amp;&amp; (e.getBusinessObjects(&quot;Person&quot;) != null &amp;&amp; e.getBusinessObjects(&quot;Person&quot;).size() &gt; 0)   || (e.getBusinessObjects(&quot;PersonName&quot;) !=null &amp;&amp; e.getBusinessObjects(&quot;PersonName&quot;).size() &gt; 0))  &amp;&amp; (e.getBusinessObjects(&quot;OrganizationName&quot;) != null &amp;&amp; e.getBusinessObjects(&quot;OrganizationName&quot;).size() &gt; 0)"/>
    <column name="id" property="id" preprocessor="com.allsight.cme.preprocessor.PartyIdDukeColumnPreProcessor"/>
    <column name="dssk" property="dssk" preprocessor="com.allsight.cme.preprocessor.PartyDsskDukeColumnPreProcessor"/>
    <column name="n3org_name" property="n3org_name" preprocessorName="personorgcontact_n3org_name_name3_orgname_preprocessor" preprocessor="com.allsight.cme.preprocessor.Name3OrgNamePreProcessor"/>
  </data-source>
  <match-override-rules disabled="true"><![CDATA[]]></match-override-rules>
</duke>