{
	"settings": {
		"index": {
			"refresh_interval": "-1",
			"analysis": {
				"analyzer": {
					"my_ngram_analyzer": {
						"tokenizer": "my_ngram_tokenizer"
					},
					"lowercase_phrase_analyzer": {
						"filter": [
							"lowercase"
						],
						"tokenizer": "keyword"
					}
				},
				"tokenizer": {
					"my_ngram_tokenizer": {
						"type": "ngram",
						"min_gram": "4",
						"max_gram": "4",
						"token_chars": [
							"letter",
							"digit"
						]
					}
				}
			}
		}
	},
	"mappings": {
		"record": {
			"properties": {
				"email_address": {
					"properties": {
						"Domain": {
							"type": "text"
						},
						"EmailAddress": {
							"analyzer": "lowercase_phrase_analyzer",
							"type": "text"
						},
						"Handle": {
							"type": "text",
							"analyzer": "my_ngram_analyzer"
						}
					}
				},
				"n3personname": {
                    "type": "text",
                    "analyzer": "lowercase_phrase_analyzer"
                },
				"n3org_name": {
                    "type": "text",
                    "analyzer": "lowercase_phrase_analyzer"
                },
                "n3identifier": {
                    "type": "text"
                },
               "n3bdate": {
                    "type": "text",
                    "analyzer": "lowercase_phrase_analyzer"
                },
				"gender": {
					"type": "text",
					"analyzer":"lowercase_phrase_analyzer"
				},
				"birth_date": {
					"type": "text",
					"analyzer":"lowercase_phrase_analyzer"
				},
				"dssk": {
					"type": "text"
				},
				"deterministic_key": {
					"type": "text",
					"analyzer":"lowercase_phrase_analyzer"
				},
				"last_name": {
					"properties": {
						"FamilyName": {
							"type": "text"
						},
						"OriginalFamilyName": {
							"type": "text"
						}
					}
				},
				"phone_number": {
					"type": "text",
					"analyzer":"lowercase_phrase_analyzer"
				},
				"id": {
					"type": "text"
				},
				"first_name": {
					"properties": {
						"GivenNameOne": {
							"type": "text"
						},
						"FormalGivenNameOne": {
							"type": "text"
						},
						"LocalGivenNameOne": {
							"type": "text"
						},
						"FormalGivenNameTwo": {
							"type": "text"
						},
						"GivenNameTwo": {
							"type": "text"
						},
						"OriginalGivenNameTwo": {
							"type": "text"
						},
						"OriginalGivenNameOne": {
							"type": "text"
						}
					}
				},
				"org_name": {
					"properties": {
						"OriginalName": {
							"type": "text"
						},
						"Name": {
							"type": "text"
						}
					}
				},
				"identifier": {
					"properties":{
						"OriginalIdentifierValue":{
							"type": "text",
							"analyzer":"lowercase_phrase_analyzer"
						},
						"IdentifierValue":{
							"type": "text",
							"analyzer":"lowercase_phrase_analyzer"
						},
						"IdentifierType":{
							"type": "text",
							"analyzer":"lowercase_phrase_analyzer"
						}
					}
				},
				"address_line": {
					"properties": {
						"houseNumber": {
							"type": "text"
						},
						"houseName": {
							"type": "text"
						},
						"unit": {
							"type": "text"
						},
						"level": {
							"type": "text"
						},
						"street": {
							"type": "text"
						},
						"city": {
							"type": "text"
						},
						"state": {
							"type": "text"
						},
						"postalCode": {
							"type": "text"
						},
						"poBox": {
							"type": "text"
						},
						"country": {
							"type": "text"
						},
						"latitude": {
							"type": "text"
						},
						"longitude": {
							"type": "text"
						}
					}
				}

			}
		}
	}
}
