<duke>
  <object class="com.allsight.cme.comparator.TransactionComparator" name="transaction_transaction">
    <param name="prodCatSubCat" value="1.0"/>
    <param name="catSubCat" value="0.75"/>
    <param name="cat" value="0.51"/>
  </object>
  <object class="com.allsight.cme.preprocessor.WebchatTransactionPreprocessor" name="webchat_transaction_webchat_transaction_preprocessor">
    <qualityFilter name="ProductMention.ProductName" scanId="" scanSeverity=""/>
    <qualityFilter name="ProductMention.ProductSubCategory" scanId="" scanSeverity=""/>
    <qualityFilter name="ProductMention.ProductCategory" scanId="" scanSeverity=""/>
    <qualityFilter name="ProductMention.MentionTimestamp" scanId="" scanSeverity=""/>
    <qualityFilter name="Mention.Identifiers" scanId="" scanSeverity=""/>
  </object>
  <object class="com.allsight.cme.TransactionQuery" name="transaction_product_mentions_query">
    <param name="number_of_days" value="3"/>
  </object>
  <object class="com.allsight.cme.DukeMaxAggregator" name="max-aggregator"></object>
  <object class="com.allsight.cme.comparator.Name3Comparator" name="n3personname_ssa-name3_generic">
    <param name="name3Field" value="Person_Name"/>
    <param name="matchLevel" value="Typical"/>
  </object>
  <object class="com.allsight.cme.preprocessor.Name3WebchatEmailPersonNamePreprocessor" name="webchat_n3personname_name3_email_webchat_personname_preprocessor">
    <param name="exclusionFile" value="matching_preprocessor_personname_exclusionlist.csv"/>
    <qualityFilter name="PersonName.OriginalName" scanId="" scanSeverity=""/>
  </object>
  <object class="com.allsight.cme.comparator.Name3Comparator" name="n3location_ssa-name3_generic">
    <param name="name3Field" value="Address_Part2"/>
    <param name="matchLevel" value="Typical"/>
  </object>
  <object class="com.allsight.cme.preprocessor.Name3WebchatLocationPreProcessor" name="webchat_n3location_name3_webchat_location_preprocessor">
    <qualityFilter name="Webchat.FromIPCity" scanId="" scanSeverity=""/>
    <qualityFilter name="Webchat.FromIPRegion" scanId="" scanSeverity=""/>
    <qualityFilter name="Webchat.FromIPCountry" scanId="" scanSeverity=""/>
  </object>
  <object class="com.allsight.cme.comparator.Name3Comparator" name="n3email_ssa-name3_generic">
    <param name="name3Field" value="Email"/>
    <param name="matchLevel" value="Typical"/>
  </object>
  <object class="com.allsight.cme.preprocessor.Name3EmailPreProcessor" name="webchat_n3email_name3_email_preprocessor">
    <param name="exclusionFile" value="matching_preprocessor_email_exclusionlist.csv"/>
    <qualityFilter name="Email.OriginalEmailAddress" scanId="" scanSeverity=""/>
  </object>
  <object class="com.allsight.cme.comparator.Name3Comparator" name="n3phnumber_ssa-name3_generic">
    <param name="name3Field" value="Telephone_Number"/>
    <param name="matchLevel" value="Typical"/>
  </object>
  <object class="com.allsight.cme.preprocessor.Name3PartyPhoneNumberPreprocessor" name="webchat_n3phnumber_name3_party_phone_number_preprocessor">
    <param name="exclusionFile" value="matching_preprocessor_phone_exclusionlist.csv"/>
    <qualityFilter name="PhoneNumber.OriginalPhoneNumber" scanId="" scanSeverity=""/>
  </object>
  <object class="com.allsight.cme.preprocessor.PartyTransactionDukeColumnPreprocessor" name="person_transaction_transaction_preprocessor"></object>
  <object class="com.allsight.cme.preprocessor.Name3PersonNamePreProcessor" name="person_n3personname_name3_personname_preprocessor">
    <param name="exclusionFile" value="matching_preprocessor_personname_exclusionlist.csv"/>
    <qualityFilter name="PersonName.OriginalName" scanId="" scanSeverity=""/>
    <qualityFilter name="PersonName.OriginalGivenNameOne" scanId="" scanSeverity=""/>
    <qualityFilter name="PersonName.OriginalGivenNameTwo" scanId="" scanSeverity=""/>
    <qualityFilter name="PersonName.OriginalGivenNameThree" scanId="" scanSeverity=""/>
    <qualityFilter name="PersonName.OriginalFamilyName" scanId="" scanSeverity=""/>
  </object>
  <object class="com.allsight.cme.preprocessor.Name3PartyLocationPreProcessor" name="person_n3location_name3_location_preprocessor">
    <qualityFilter name="Address.CityName" scanId="" scanSeverity=""/>
    <qualityFilter name="Address.OriginalCity" scanId="" scanSeverity=""/>
    <qualityFilter name="Address.State" scanId="" scanSeverity=""/>
    <qualityFilter name="Address.OriginalState" scanId="" scanSeverity=""/>
    <qualityFilter name="Address.Country" scanId="" scanSeverity=""/>
    <qualityFilter name="Address.OriginalCountry" scanId="" scanSeverity=""/>
  </object>
  <object class="com.allsight.cme.preprocessor.Name3EmailPreProcessor" name="person_n3email_name3_email_preprocessor">
    <param name="exclusionFile" value="matching_preprocessor_email_exclusionlist.csv"/>
    <qualityFilter name="Email.OriginalEmailAddress" scanId="" scanSeverity=""/>
  </object>
  <object class="com.allsight.cme.preprocessor.Name3PartyPhoneNumberPreprocessor" name="person_n3phnumber_name3_party_phone_number_preprocessor">
    <param name="exclusionFile" value="matching_preprocessor_phone_exclusionlist.csv"/>
    <qualityFilter name="PhoneNumber.OriginalPhoneNumber" scanId="" scanSeverity=""/>
  </object>
  <schema>
    <threshold>0.9</threshold>
    <maybe-threshold>0.6</maybe-threshold>
    <property type="id">
      <name>id</name>
      <query></query>
    </property>
    <property type="ignore">
      <name>dssk</name>
      <low>0.5</low>
      <high>0.5</high>
      <query></query>
    </property>
    <property type="contextual">
      <name>transaction</name>
      <low>0.49999</low>
      <high>0.53047</high>
      <comparator>transaction_transaction</comparator>
      <agg-class>max-aggregator</agg-class>
      <query>transaction_product_mentions_query</query>
    </property>
    <property>
      <name>n3personname</name>
      <low>0.2873</low>
      <high>0.59188</high>
      <comparator>n3personname_ssa-name3_generic</comparator>
      <agg-class>max-aggregator</agg-class>
      <query></query>
    </property>
    <property>
      <name>n3location</name>
      <low>0.47632</low>
      <high>0.50413</high>
      <comparator>n3location_ssa-name3_generic</comparator>
      <agg-class>max-aggregator</agg-class>
      <query></query>
    </property>
    <property>
      <name>n3email</name>
      <low>0.46995</low>
      <high>0.73708</high>
      <comparator>n3email_ssa-name3_generic</comparator>
      <agg-class>max-aggregator</agg-class>
      <query></query>
    </property>
    <property>
      <name>n3phnumber</name>
      <low>0.49174</low>
      <high>0.7086</high>
      <comparator>n3phnumber_ssa-name3_generic</comparator>
      <agg-class>max-aggregator</agg-class>
      <query></query>
    </property>
  </schema>
  <relationship-bo-name>SameAs</relationship-bo-name>
  <relationship-subtype>WEBCHAT_MATCH</relationship-subtype>
  <match-type>CW</match-type>
  <isreverse-pair>true</isreverse-pair>
  <name3-population>international</name3-population>
  <match-enabled>true</match-enabled>
  <match-config-name>Webchat to Person</match-config-name>
  <match-config-id>sameas_webchat_person</match-config-id>
  <database class="com.allsight.cme.databases.es.ElasticSearchDatabase">
    <param name="maxSearchHits" value="30"/>
    <param name="indexName" value="interaction"/>
    <param name="minClauses" value="1"/>
  </database>
  <data-source class="com.allsight.cme.datasources.AllSightColumnarDataSource" name="webchat" nId="9">
    <param name="source" value="true"/>
    <param name="destination" value="false"/>
    <param name="mvelString" value="return ((e.getEntityMeta().getSourceName().equalsIgnoreCase(&quot;Webchat&quot;)))"/>
    <column name="id" property="id" preprocessor="com.allsight.cme.preprocessor.PartyIdDukeColumnPreProcessor"/>
    <column name="dssk" property="dssk" preprocessor="com.allsight.cme.preprocessor.PartyDsskDukeColumnPreProcessor"/>
    <column name="transaction" property="transaction" preprocessorName="webchat_transaction_webchat_transaction_preprocessor" preprocessor="com.allsight.cme.preprocessor.WebchatTransactionPreprocessor"/>
    <column name="n3personname" property="n3personname" preprocessorName="webchat_n3personname_name3_email_webchat_personname_preprocessor" preprocessor="com.allsight.cme.preprocessor.Name3WebchatEmailPersonNamePreprocessor"/>
    <column name="n3location" property="n3location" preprocessorName="webchat_n3location_name3_webchat_location_preprocessor" preprocessor="com.allsight.cme.preprocessor.Name3WebchatLocationPreProcessor"/>
    <column name="n3email" property="n3email" preprocessorName="webchat_n3email_name3_email_preprocessor" preprocessor="com.allsight.cme.preprocessor.Name3EmailPreProcessor"/>
    <column name="n3phnumber" property="n3phnumber" preprocessorName="webchat_n3phnumber_name3_party_phone_number_preprocessor" preprocessor="com.allsight.cme.preprocessor.Name3PartyPhoneNumberPreprocessor"/>
  </data-source>
  <data-source class="com.allsight.cme.datasources.AllSightColumnarDataSource" name="person" nId="15">
    <param name="source" value="false"/>
    <param name="destination" value="true"/>
    <param name="mvelString" value="return ((e.getEntityMeta().getSourceName().equalsIgnoreCase(&quot;CustomerProfile&quot;)) &amp;&amp; ((e.getBusinessObjects(&quot;Person&quot;) != null &amp;&amp; e.getBusinessObjects(&quot;Person&quot;).size() &gt; 0) || (e.getBusinessObjects(&quot;PersonName&quot;) !=null &amp;&amp; e.getBusinessObjects(&quot;PersonName&quot;).size() &gt; 0)))"/>
    <column name="id" property="id" preprocessor="com.allsight.cme.preprocessor.PartyIdDukeColumnPreProcessor"/>
    <column name="dssk" property="dssk" preprocessor="com.allsight.cme.preprocessor.PartyDsskDukeColumnPreProcessor"/>
    <column name="transaction" property="transaction" preprocessorName="person_transaction_transaction_preprocessor" preprocessor="com.allsight.cme.preprocessor.PartyTransactionDukeColumnPreprocessor"/>
    <column name="n3personname" property="n3personname" preprocessorName="person_n3personname_name3_personname_preprocessor" preprocessor="com.allsight.cme.preprocessor.Name3PersonNamePreProcessor"/>
    <column name="n3location" property="n3location" preprocessorName="person_n3location_name3_location_preprocessor" preprocessor="com.allsight.cme.preprocessor.Name3PartyLocationPreProcessor"/>
    <column name="n3email" property="n3email" preprocessorName="person_n3email_name3_email_preprocessor" preprocessor="com.allsight.cme.preprocessor.Name3EmailPreProcessor"/>
    <column name="n3phnumber" property="n3phnumber" preprocessorName="person_n3phnumber_name3_party_phone_number_preprocessor" preprocessor="com.allsight.cme.preprocessor.Name3PartyPhoneNumberPreprocessor"/>
  </data-source>
  <match-override-rules disabled="true"><![CDATA[]]></match-override-rules>
</duke>