<duke>
  <object class="com.allsight.cme.preprocessor.GenericStringPreProcessor" name="person_deterministic_key_generic_string_preprocessor">
    <param name="businessObjectAttribute" value="Relationships.Link.TargetSourceKey"/>
  </object>
  <object class="com.allsight.cme.comparator.Name3Comparator" name="n3personname_ssa-name3_generic">
    <param name="name3Field" value="Person_Name"/>
    <param name="matchLevel" value="Typical"/>
  </object>
  <object class="com.allsight.cme.preprocessor.Name3PersonNamePreProcessor" name="person_n3personname_name3_personname_preprocessor">
    <param name="exclusionFile" value="matching_preprocessor_personname_exclusionlist.csv"/>
    <qualityFilter name="PersonName.OriginalName" scanId="" scanSeverity=""/>
    <qualityFilter name="PersonName.OriginalGivenNameOne" scanId="" scanSeverity=""/>
    <qualityFilter name="PersonName.OriginalGivenNameTwo" scanId="" scanSeverity=""/>
    <qualityFilter name="PersonName.OriginalGivenNameThree" scanId="" scanSeverity=""/>
    <qualityFilter name="PersonName.OriginalFamilyName" scanId="" scanSeverity=""/>
  </object>
  <object class="com.allsight.cme.query.Name3MatchingAttributeQuery" name="n3personname_name3_query">
    <param name="runAsNested" value="false"/>
    <param name="matchAttribute" value="n3personname"/>
  </object>
  <object class="com.allsight.cme.DukeMaxAggregator" name="max-aggregator"></object>
  <object class="com.allsight.cme.comparator.Name3Comparator" name="n3email_ssa-name3_generic">
    <param name="name3Field" value="Email"/>
    <param name="matchLevel" value="Typical"/>
  </object>
  <object class="com.allsight.cme.preprocessor.Name3EmailPreProcessor" name="person_n3email_name3_email_preprocessor">
    <param name="exclusionFile" value="matching_preprocessor_email_exclusionlist.csv"/>
    <qualityFilter name="Email.OriginalEmailAddress" scanId="" scanSeverity=""/>
  </object>
  <object class="com.allsight.cme.query.Name3MatchingAttributeQuery" name="n3email_name3_query">
    <param name="runAsNested" value="false"/>
    <param name="matchAttribute" value="n3email"/>
  </object>
  <object class="com.allsight.cme.comparator.Name3Comparator" name="n3gender_ssa-name3_generic">
    <param name="name3Field" value="Attribute1"/>
    <param name="matchLevel" value="Typical"/>
  </object>
  <object class="com.allsight.cme.preprocessor.Name3GenderPreprocessor" name="person_n3gender_name3_gender_preprocessor">
    <param name="exclusionFile" value="matching_preprocessor_gender_exclusionlist.csv"/>
    <qualityFilter name="Person.Gender" scanId="" scanSeverity=""/>
  </object>
  <object class="com.allsight.cme.comparator.Name3Comparator" name="n3bdate_ssa-name3_generic">
    <param name="name3Field" value="Date"/>
    <param name="matchLevel" value="Typical"/>
  </object>
  <object class="com.allsight.cme.preprocessor.Name3BirthDatePreProcessor" name="person_n3bdate_name3_birthdate_preprocessor">
    <param name="exclusionFile" value="matching_preprocessor_birthdate_exclusionlist.csv"/>
    <qualityFilter name="Person.BirthDate" scanId="" scanSeverity=""/>
  </object>
  <object class="com.allsight.cme.comparator.Name3Comparator" name="n3phnumber_ssa-name3_generic">
    <param name="name3Field" value="Telephone_Number"/>
    <param name="matchLevel" value="Typical"/>
  </object>
  <object class="com.allsight.cme.preprocessor.Name3PartyPhoneNumberPreprocessor" name="person_n3phnumber_name3_party_phone_number_preprocessor">
    <param name="exclusionFile" value="matching_preprocessor_phone_exclusionlist.csv"/>
    <qualityFilter name="PhoneNumber.OriginalPhoneNumber" scanId="" scanSeverity=""/>
  </object>
  <object class="com.allsight.cme.query.Name3MatchingAttributeQuery" name="n3phnumber_name3_query">
    <param name="runAsNested" value="false"/>
    <param name="matchAttribute" value="n3phnumber"/>
  </object>
  <object class="com.allsight.cme.comparator.Name3Comparator" name="n3identifier_ssa-name3_generic">
    <param name="name3Field" value="Id"/>
    <param name="matchLevel" value="Typical"/>
  </object>
  <object class="com.allsight.cme.preprocessor.Name3PartyIdentifierPreprocessor" name="person_n3identifier_name3_identifier_preprocessor">
    <param name="exclusionFile" value="matching_preprocessor_identifier_exclusionlist.csv"/>
    <qualityFilter name="Identifier.OriginalIdentifierValue" scanId="" scanSeverity=""/>
  </object>
  <object class="com.allsight.cme.query.Name3MatchingAttributeQuery" name="n3identifier_name3_query">
    <param name="runAsNested" value="false"/>
    <param name="matchAttribute" value="n3identifier"/>
  </object>
  <object class="com.allsight.cme.comparator.Name3AddressComparator" name="n3address_line_ssa-name3_address">
    <param name="groupMapping" value="Address_Part1=houseNumber+house+road+level+unit+poBox,Address_Part2=cityName+state+country,Postal_Area=postalCode+zipPlusFour"/>
    <param name="matchLevel" value="Typical"/>
  </object>
  <object class="com.allsight.cme.preprocessor.Name3PartyAddressPreprocessor" name="person_n3address_line_name3_address_preprocessor">
    <qualityFilter name="Address.CityName" scanId="" scanSeverity=""/>
    <qualityFilter name="Address.Country" scanId="" scanSeverity=""/>
    <qualityFilter name="Address.State" scanId="" scanSeverity=""/>
    <qualityFilter name="Address.House" scanId="" scanSeverity=""/>
    <qualityFilter name="Address.HouseNumber" scanId="" scanSeverity=""/>
    <qualityFilter name="Address.Road" scanId="" scanSeverity=""/>
    <qualityFilter name="Address.Latitude" scanId="" scanSeverity=""/>
    <qualityFilter name="Address.Longitude" scanId="" scanSeverity=""/>
    <qualityFilter name="Address.PostalCode" scanId="" scanSeverity=""/>
    <qualityFilter name="Address.PoBox" scanId="" scanSeverity=""/>
    <qualityFilter name="Address.Unit" scanId="" scanSeverity=""/>
    <qualityFilter name="Address.Level" scanId="" scanSeverity=""/>
    <qualityFilter name="Address.ZipPlusFour" scanId="" scanSeverity=""/>
  </object>
  <object class="com.allsight.cme.query.Name3AddressQuery" name="n3address_line_name3_address_query">
    <param name="runAsNested" value="false"/>
    <param name="matchAttribute" value="n3address_line"/>
  </object>
  <schema>
    <threshold>0.9</threshold>
    <maybe-threshold>0.65</maybe-threshold>
    <property type="id">
      <name>id</name>
      <query></query>
    </property>
    <property type="ignore">
      <name>dssk</name>
      <low>0.5</low>
      <high>0.5</high>
      <query></query>
    </property>
    <property type="dmk">
      <name>deterministic_key</name>
      <query></query>
    </property>
    <property>
      <name>n3personname</name>
      <low>0.2873</low>
      <high>0.76914</high>
      <comparator>n3personname_ssa-name3_generic</comparator>
      <agg-class>max-aggregator</agg-class>
      <query>n3personname_name3_query</query>
    </property>
    <property>
      <name>n3email</name>
      <low>0.47492</low>
      <high>0.62989</high>
      <comparator>n3email_ssa-name3_generic</comparator>
      <agg-class>max-aggregator</agg-class>
      <query>n3email_name3_query</query>
    </property>
    <property>
      <name>n3gender</name>
      <low>0.11154</low>
      <high>0.6028</high>
      <comparator>n3gender_ssa-name3_generic</comparator>
      <agg-class>max-aggregator</agg-class>
      <query></query>
    </property>
    <property>
      <name>n3bdate</name>
      <low>0.35317</low>
      <high>0.58166</high>
      <comparator>n3bdate_ssa-name3_generic</comparator>
      <agg-class>max-aggregator</agg-class>
      <query></query>
    </property>
    <property>
      <name>n3phnumber</name>
      <low>0.4494</low>
      <high>0.61368</high>
      <comparator>n3phnumber_ssa-name3_generic</comparator>
      <agg-class>max-aggregator</agg-class>
      <query>n3phnumber_name3_query</query>
    </property>
    <property>
      <name>n3identifier</name>
      <low>0.26759</low>
      <high>0.70322</high>
      <comparator>n3identifier_ssa-name3_generic</comparator>
      <agg-class>max-aggregator</agg-class>
      <query>n3identifier_name3_query</query>
    </property>
    <property type="object">
      <name>n3address_line</name>
      <low>0.42161</low>
      <high>0.58361</high>
      <comparator>n3address_line_ssa-name3_address</comparator>
      <agg-class>max-aggregator</agg-class>
      <query>n3address_line_name3_address_query</query>
    </property>
  </schema>
  <relationship-bo-name>SameAs</relationship-bo-name>
  <relationship-subtype>PARTY_MATCH</relationship-subtype>
  <match-type>CC</match-type>
  <isreverse-pair>false</isreverse-pair>
  <name3-population>international</name3-population>
  <match-enabled>false</match-enabled>
  <match-config-name>Person to Person</match-config-name>
  <match-config-id>sameas_person_person</match-config-id>
  <database class="com.allsight.cme.databases.es.ElasticSearchDatabase">
    <param name="maxSearchHits" value="30"/>
    <param name="indexName" value="person"/>
    <param name="schemaGeneratorClassName" value="com.allsight.cme.CreateDukeRecordMapping"/>
    <param name="mappingFileName" value="matching_index_mapping.json"/>
    <param name="minClauses" value="2"/>
    <param name="runBlockingAsFilter" value="false"/>
    <param name="useDfsQueryThenFetch" value="true"/>
    <param name="customRoutingEnabled" value="false"/>
  </database>
  <data-source class="com.allsight.cme.datasources.AllSightColumnarDataSource" name="person" nId="15">
    <param name="source" value="true"/>
    <param name="destination" value="true"/>
    <param name="mvelString" value="return ((e.getEntityMeta().getSourceName().equalsIgnoreCase(&quot;CustomerProfile&quot;)) &amp;&amp; ((e.getBusinessObjects(&quot;Person&quot;) != null &amp;&amp; e.getBusinessObjects(&quot;Person&quot;).size() &gt; 0) || (e.getBusinessObjects(&quot;PersonName&quot;) !=null &amp;&amp; e.getBusinessObjects(&quot;PersonName&quot;).size() &gt; 0)))"/>
    <column name="id" property="id" preprocessor="com.allsight.cme.preprocessor.PartyIdDukeColumnPreProcessor"/>
    <column name="dssk" property="dssk" preprocessor="com.allsight.cme.preprocessor.PartyDsskDukeColumnPreProcessor"/>
    <column name="deterministic_key" property="deterministic_key" preprocessorName="person_deterministic_key_generic_string_preprocessor" preprocessor="com.allsight.cme.preprocessor.GenericStringPreProcessor"/>
    <column name="n3personname" property="n3personname" preprocessorName="person_n3personname_name3_personname_preprocessor" preprocessor="com.allsight.cme.preprocessor.Name3PersonNamePreProcessor"/>
    <column name="n3email" property="n3email" preprocessorName="person_n3email_name3_email_preprocessor" preprocessor="com.allsight.cme.preprocessor.Name3EmailPreProcessor"/>
    <column name="n3gender" property="n3gender" preprocessorName="person_n3gender_name3_gender_preprocessor" preprocessor="com.allsight.cme.preprocessor.Name3GenderPreprocessor"/>
    <column name="n3bdate" property="n3bdate" preprocessorName="person_n3bdate_name3_birthdate_preprocessor" preprocessor="com.allsight.cme.preprocessor.Name3BirthDatePreProcessor"/>
    <column name="n3phnumber" property="n3phnumber" preprocessorName="person_n3phnumber_name3_party_phone_number_preprocessor" preprocessor="com.allsight.cme.preprocessor.Name3PartyPhoneNumberPreprocessor"/>
    <column name="n3identifier" property="n3identifier" preprocessorName="person_n3identifier_name3_identifier_preprocessor" preprocessor="com.allsight.cme.preprocessor.Name3PartyIdentifierPreprocessor"/>
    <column name="n3address_line" property="n3address_line" preprocessorName="person_n3address_line_name3_address_preprocessor" preprocessor="com.allsight.cme.preprocessor.Name3PartyAddressPreprocessor"/>
  </data-source>
  <match-override-rules disabled="true"><![CDATA[
    
import org.apache.log4j.Logger;

// Create log4j logger
Logger logger = Logger.getLogger("matching_config_person_to_person.xml.match-override-rules");

/*
 * Simple utility function to check matchType
 */
def isMatchType(reason, propertyName, matchTypeLiteral) {
	return reason != null && propertyName != null && matchTypeLiteral != null && 
		propertyName.equals(reason.getPropertyName()) && reason.getMatchType() != null && 
		matchTypeLiteral.equals(reason.getMatchType().toString());
}

def clearReasonForOverride() {
	reasonForOverride.delete(0, reasonForOverride.length());
}

def updateReasonForOverride(ruleId, ruleName) {
	clearReasonForOverride();
	reasonForOverride.append(ruleId).append(":").append(ruleName);
}

// Global variables
personNameMismatch = false;
phoneNumFuzzySimScore = 0.0;
addressSimScore = 0.0;

// Iterate reasons
for(reason : reasons) {
	/*
	 * Simple Rule Example: 
	 * 
	 * When Gender is a mismatch, override the final match confidence to '0.0'
	 */
	if (isMatchType(reason, "n3gender", "MISMATCH")) {
		logger.info("Overriding match score. Reason: Gender is a mismatch");
		ruleId = "R001";
		ruleName = "Gender Mismatch";
		updateReasonForOverride(ruleId, ruleName);
		return 0.0;	
	}
	
	if (isMatchType(reason, "n3personname", "MISMATCH")) {
		personNameMismatch = true;
	}
	
	if (isMatchType(reason, "n3phnumber", "FUZZYMATCH")) {
		phoneNumFuzzySimScore = reason.getPropertyScore();
	}
	
	if ("n3address_line".equals(reason.getPropertyName())) {
		addressSimScore = reason.getPropertyScore();
	}
}

/*
 * Complex Rule Example:
 * 
 * When 'Given name is a mismatch' AND 'Last name is an exact match' AND
 * ('Phone number is a fuzzy match with similarity score >= 0.92' OR
 * 'Address with similarity score >= 0.90'), override the final match
 * confidence to 65.50
 */
if (personNameMismatch && phoneNumFuzzySimScore >= 0.92 && addressSimScore >= 0.90) {
	logger.info("Overriding match score. Reason: Complex Rule match");
	ruleId = "R002";
	ruleName = "personNameMismatch AND PhoneNum_FuzzyMatch_SimScoreGTE_0.92 AND Address_SimScoreGTE_0.90";
	updateReasonForOverride(ruleId, ruleName);
	return 0.655;
}

// Return original score. None of the override rules passed
clearReasonForOverride();
return score;
    
	]]></match-override-rules>
</duke>