{
	"mlModels": [    {
                "mlModelId": 2,
                "nativeModel": true,
                "stateless": true,
                "threadsafe": true,
                "enabled": true,
                "name": "EmailPredictor",
                "version": "1.0",
                "context": [{
                        "key": "javaClassName",
                        "value": "com.allsight.enrichment.sentiment.predictor.EmailPredictor"
                }]
        }, 
           {
                "mlModelId": 3,
                "nativeModel": true,
                "stateless": true,
                "threadsafe": true,
                "enabled": true,
                "name": "WebchatPredictor",
                "version": "1.0",
                "context": [{
                        "key": "javaClassName",
                        "value": "com.allsight.enrichment.sentiment.predictor.WebchatPredictor"
                }]
            }, 
           {
                "mlModelId": 4,
                "nativeModel": true,
                "stateless": true,
                "threadsafe": true,
                "enabled": true,
                "name": "LifeEventNlpPredictor",
                "version": "1.0",
                "context": [{
                        "key": "javaClassName",
                        "value": "com.allsight.enrichment.event.LifeEventNlpPredictor"
                }]
            }]
}
