{
  "id" : "pmktg",
  "name" : "pmktg-default",
  "version" : "1.0",
  "graph" : {
    "query" : "",
    "queryName" : ""
  },
  "filter" : {
    "businessObjects" : [ "Person", "PhoneNumber", "Email", "Identifier", "Address", "PersonName", "Organization", "OrganizationName", "SocialHandle", "EmailToParty", "ContactCenterCall", "Webchat", "WebchatSessionEvent", "WebchatExternalInfo", "EmailFromParty", "WebchatSentiment", "EmailFromPartySentiment", "CompanyMention", "KeywordMention", "LocationMention", "Mention", "ProductMention", "LifeEvent", "Transaction", "CustomerChurnRisk", "KeywordAggregates", "Aggregates", "InteractionJourney", "JourneyEvent", "DealBehaviour", "DealBehaviourProduct", "InteractionBehaviour", "PaymentBehaviour", "FinancialPotential", "FinancialPotentialSummary", "AccountSummary", "Contact", "ChildOf", "SameAs", "OrganizationRelations", "SellerOf", "Quality", "EnrichmentInfo", "MatchStrategyDetails", "Product", "FinanceInfo", "CRM", "Campaign", "CampaignInfographicsStats", "CampaignVideoStats", "CampaignWebinarStats", "OrganizationHierarchy", "Demographics", "Interactions", "Mentions", "Transactions", "Insights", "Products", "Templates", "Finance", "CRMS", "Campaigns", "HierarchyCategory" ],
    "sources" : [ ]
  },
  "variables" : {
    "$MATCHCONFIDENCE" : "90",
    "$MATCHLIMIT" : "5",
    "$DEPTH" : "10"
  },
  "survivorshiprules" : {
    "default" : { },
    "businessObject" : [ {
      "id" : "fd2bb5b2-ede2-470f-beb0-b5b5e17e443b",
      "name" : "Person",
      "sourceOrder" : [ "HRMS", "CustomerProfile" ],
      "rules" : [ ],
      "rulechain" : [ ]
    }, {
      "id" : "f563da60-c041-4895-bc33-e477e7e32cbd",
      "name" : "Email",
      "sourceOrder" : [ "HRMS", "CustomerProfile" ],
      "rules" : [ ],
      "rulechain" : [ ]
    }, {
      "id" : "c940d8f2-e732-4d3a-9e0d-61a5f743fe9a",
      "name" : "PersonName",
      "sourceOrder" : [ "CustomerProfile", "HRMS" ],
      "rules" : [ ],
      "rulechain" : [ ]
    }, {
      "id" : "90540c95-9588-4cf7-a37a-d8c8f030870f",
      "name" : "PhoneNumber",
      "sourceOrder" : [ "CustomerProfile", "HRMS" ],
      "rules" : [ ],
      "rulechain" : [ ]
    } ]
  }
}