{
  "id" : "popr",
  "name" : "popr-default",
  "version" : "1.0",
  "graph" : {
    "query" : "",
    "queryName" : ""
  },
  "filter" : {
    "businessObjects" : [ "Person", "Email", "Identifier", "Address", "PersonName", "Organization", "OrganizationName", "SocialHandle", "EmailToParty", "Webchat", "EmailFromParty", "WebchatSentiment", "EmailFromPartySentiment", "StoreEntry", "CompanyMention", "KeywordMention", "LocationMention", "Mention", "ProductMention", "LifeEvent", "Transaction", "TransactionItem", "LinkedTransaction", "Control", "Family", "Contact", "ChildOf", "Employment", "SameAs", "AddressRelationship", "OrganizationHierarchy", "HasTransaction", "ServiceRequest", "Quality", "EnrichmentInfo", "MatchStrategyDetails", "Product", "FinanceInfo", "CRM", "Demographics", "SocialInteractions", "Interactions", "SocialActivity", "Mentions", "ProfileEnrichment", "Transactions", "Insights", "ServiceRequests", "Templates", "Products", "Finance", "CRMS", "InteractionJourney", "KeywordAggregates", "JourneyEvent", "CustomerTier", "CustomerRisk", "CustomerPotential", "Aggregates", "CustomerChurnRisk", "OverallSentiment", "SellerOf", "OrganizationRelations", "Campaigns", "CampaignWebinarStats", "CampaignInfographicsStats", "CampaignVideoStats", "Campaign", "PhoneNumber", "DealBehaviour", "DealBehaviourProduct", "InteractionBehaviour", "PaymentBehaviour", "FinancialPotential", "FinancialPotentialSummary", "AccountSummary" ],
    "sources" : [ ]
  },
  "variables" : {
    "$MATCHCONFIDENCE" : "90",
    "$MATCHLIMIT" : "5",
    "$DEPTH" : "10"
  },
  "survivorshiprules" : {
    "default" : { },
    "businessObject" : [ {
      "id" : "fd2bb5b2-ede2-470f-beb0-b5b5e17e443b",
      "name" : "Person",
      "sourceOrder" : [ "CustomerProfile", "HRMS" ],
      "rules" : [ ],
      "rulechain" : [ ]
    }, {
      "id" : "c940d8f2-e732-4d3a-9e0d-61a5f743fe9a",
      "name" : "PersonName",
      "sourceOrder" : [ "CustomerProfile", "HRMS" ],
      "rules" : [ ],
      "rulechain" : [ ]
    }, {
      "id" : "f563da60-c041-4895-bc33-e477e7e32cbd",
      "name" : "Email",
      "sourceOrder" : [ "CustomerProfile", "HRMS" ],
      "rules" : [ ],
      "rulechain" : [ ],
      "rulechainPref" : "AND",
      "limit" : 1
    }, {
      "id" : "90540c95-9588-4cf7-a37a-d8c8f030870f",
      "name" : "PhoneNumber",
      "sourceOrder" : [ "CustomerProfile", "HRMS" ],
      "rules" : [ ],
      "rulechain" : [ ],
      "limit" : 1,
      "rulechainPref" : "AND"
    } ]
  }
}