{
  "id" : "relationship",
  "name" : "relationship-extract-pmktg",
  "version" : "1.0",
  "graph" : {
    "query" : "g.V(v).as('x').repeat(bothE().or(and(hasLabel(neq('SameAs')),hasLabel(neq('Contact')),hasLabel(neq('AddressRelationship'))),hasLabel( 'SameAs').or(and(outV().has('SUB_TYPE','15'),or(has('Confidence', gte( 90d)).or(hasNot('ResolutionType'),has('ResolutionType', neq('U'))),has('Confidence', gte(79.3d)).has('Confidence', lt(90d)).or(hasNot('ResolutionType'),has('ResolutionType', neq('U'))),has('Confidence', gte( 65d)).has('Confidence', lt(79.3d)).has('ResolutionType','L'))),and(or(outV().has('SUB_TYPE','9'),outV().has('SUB_TYPE','6')) , or(has('Confidence', gte( 90d)).or(hasNot('ResolutionType'),has('ResolutionType', neq('U'))),has('Confidence', gte(80d)).has('Confidence', lt(90d)).or(hasNot('ResolutionType'),has('ResolutionType', neq('U'))),has('Confidence', gte( 60d)).has('Confidence', lt(80d)).has('ResolutionType','L')))),hasLabel('AddressRelationship').or(has('Confidence', gte( 90d)).or(hasNot('ResolutionType'),has('ResolutionType', neq('U'))),has('Confidence', gte(75d)).has('Confidence', lt( 90d)).or(hasNot('ResolutionType'),has('ResolutionType', neq('U'))),has('Confidence', gte(65d)).has('Confidence', lt( 75d)).has('ResolutionType','L')) , hasLabel('Contact').or(has('Confidence', gte( 90d)).or(hasNot('ResolutionType'),has('ResolutionType', neq('U'))),has('Confidence', gte(75d)).has('Confidence', lt( 90d)).or(hasNot('ResolutionType'),has('ResolutionType', neq('U'))),has('Confidence', gte(65d)).has('Confidence', lt( 75d)).has('ResolutionType','L')) ).dedup().otherV()).emit().until{(it.loops() > $DEPTH)}",
    "queryName" : ""
  },
  "filter" : {
    "businessObjects" : [ ],
    "sources" : [ ]
  },
  "variables" : { },
  "survivorshiprules" : { }
}