<duke>
  <object class="com.allsight.cme.preprocessor.GenericStringPreProcessor" name="customerprofile_deterministic_key_generic_string_preprocessor">
    <param name="businessObjectAttribute" value="Relationships.Link.TargetSourceKey"/>
  </object>
  <object class="com.allsight.cme.comparator.Name3Comparator" name="n3org_name_ssa-name3_generic">
    <param name="name3Field" value="Organization_Name"/>
    <param name="matchLevel" value="Typical"/>
  </object>
  <object class="com.allsight.cme.preprocessor.Name3OrgNamePreProcessor" name="customerprofile_n3org_name_name3_orgname_preprocessor">
    <param name="exclusionFile" value="matching_preprocessor_orgname_exclusionlist.csv"/>
    <qualityFilter name="OrganizationName.OriginalName" scanId="" scanSeverity=""/>
  </object>
  <object class="com.allsight.cme.query.Name3MatchingAttributeQuery" name="n3org_name_name3_query">
    <param name="runAsNested" value="false"/>
    <param name="matchAttribute" value="n3org_name"/>
  </object>
  <object class="com.allsight.cme.DukeMaxAggregator" name="max-aggregator"></object>
  <object class="com.allsight.cme.comparator.Name3Comparator" name="n3identifier_ssa-name3_generic">
    <param name="name3Field" value="Id"/>
    <param name="matchLevel" value="Typical"/>
  </object>
  <object class="com.allsight.cme.preprocessor.Name3PartyIdentifierPreprocessor" name="customerprofile_n3identifier_name3_identifier_preprocessor">
    <param name="exclusionFile" value="matching_preprocessor_identifier_exclusionlist.csv"/>
    <qualityFilter name="Identifier.OriginalIdentifierValue" scanId="" scanSeverity=""/>
  </object>
  <object class="com.allsight.cme.query.Name3MatchingAttributeQuery" name="n3identifier_name3_query">
    <param name="runAsNested" value="false"/>
    <param name="matchAttribute" value="n3identifier"/>
  </object>
  <object class="com.allsight.cme.comparator.Name3Comparator" name="n3email_ssa-name3_generic">
    <param name="name3Field" value="Email"/>
    <param name="matchLevel" value="Typical"/>
  </object>
  <object class="com.allsight.cme.preprocessor.Name3EmailPreProcessor" name="customerprofile_n3email_name3_email_preprocessor">
    <param name="exclusionFile" value="matching_preprocessor_email_exclusionlist.csv"/>
    <qualityFilter name="Email.OriginalEmailAddress" scanId="" scanSeverity=""/>
  </object>
  <object class="com.allsight.cme.query.Name3MatchingAttributeQuery" name="n3email_name3_query">
    <param name="runAsNested" value="false"/>
    <param name="matchAttribute" value="n3email"/>
  </object>
  <object class="com.allsight.cme.comparator.Name3Comparator" name="n3phnumber_ssa-name3_generic">
    <param name="name3Field" value="Telephone_Number"/>
    <param name="matchLevel" value="Typical"/>
  </object>
  <object class="com.allsight.cme.preprocessor.Name3PartyPhoneNumberPreprocessor" name="customerprofile_n3phnumber_name3_party_phone_number_preprocessor">
    <param name="exclusionFile" value="matching_preprocessor_org_phone_exclusionlist.csv"/>
    <qualityFilter name="PhoneNumber.OriginalPhoneNumber" scanId="" scanSeverity=""/>
  </object>
  <object class="com.allsight.cme.query.Name3MatchingAttributeQuery" name="n3phnumber_name3_query">
    <param name="runAsNested" value="false"/>
    <param name="matchAttribute" value="n3phnumber"/>
  </object>
  <object class="com.allsight.cme.comparator.Name3AddressComparator" name="n3address_line_ssa-name3_address">
    <param name="groupMapping" value="Address_Part1=houseNumber+house+road+level+unit+poBox,Address_Part2=cityName+state+country,Postal_Area=postalCode+zipPlusFour"/>
    <param name="matchLevel" value="Typical"/>
  </object>
  <object class="com.allsight.cme.preprocessor.Name3PartyAddressPreprocessor" name="customerprofile_n3address_line_name3_address_preprocessor">
    <qualityFilter name="Address.CityName" scanId="" scanSeverity=""/>
    <qualityFilter name="Address.Country" scanId="" scanSeverity=""/>
    <qualityFilter name="Address.State" scanId="" scanSeverity=""/>
    <qualityFilter name="Address.House" scanId="" scanSeverity=""/>
    <qualityFilter name="Address.HouseNumber" scanId="" scanSeverity=""/>
    <qualityFilter name="Address.Road" scanId="" scanSeverity=""/>
    <qualityFilter name="Address.Latitude" scanId="" scanSeverity=""/>
    <qualityFilter name="Address.Longitude" scanId="" scanSeverity=""/>
    <qualityFilter name="Address.PostalCode" scanId="" scanSeverity=""/>
    <qualityFilter name="Address.PoBox" scanId="" scanSeverity=""/>
    <qualityFilter name="Address.Unit" scanId="" scanSeverity=""/>
    <qualityFilter name="Address.Level" scanId="" scanSeverity=""/>
    <qualityFilter name="Address.ZipPlusFour" scanId="" scanSeverity=""/>
  </object>
  <object class="com.allsight.cme.query.Name3AddressQuery" name="n3address_line_name3_address_query">
    <param name="runAsNested" value="false"/>
    <param name="matchAttribute" value="n3address_line"/>
  </object>
  <object class="com.allsight.cme.preprocessor.GenericStringPreProcessor" name="crms_deterministic_key_generic_string_preprocessor">
    <param name="businessObjectAttribute" value="Relationships.Link.TargetSourceKey"/>
  </object>
  <object class="com.allsight.cme.preprocessor.Name3OrgNamePreProcessor" name="crms_n3org_name_name3_orgname_preprocessor">
    <param name="exclusionFile" value="matching_preprocessor_orgname_exclusionlist.csv"/>
    <qualityFilter name="OrganizationName.OriginalName" scanId="" scanSeverity=""/>
  </object>
  <object class="com.allsight.cme.preprocessor.Name3PartyIdentifierPreprocessor" name="crms_n3identifier_name3_identifier_preprocessor">
    <param name="exclusionFile" value="matching_preprocessor_identifier_exclusionlist.csv"/>
    <qualityFilter name="Identifier.OriginalIdentifierValue" scanId="" scanSeverity=""/>
  </object>
  <object class="com.allsight.cme.preprocessor.Name3EmailPreProcessor" name="crms_n3email_name3_email_preprocessor">
    <param name="exclusionFile" value="matching_preprocessor_email_exclusionlist.csv"/>
    <qualityFilter name="Email.OriginalEmailAddress" scanId="" scanSeverity=""/>
  </object>
  <object class="com.allsight.cme.preprocessor.Name3PartyPhoneNumberPreprocessor" name="crms_n3phnumber_name3_party_phone_number_preprocessor">
    <param name="exclusionFile" value="matching_preprocessor_org_phone_exclusionlist.csv"/>
    <qualityFilter name="PhoneNumber.OriginalPhoneNumber" scanId="" scanSeverity=""/>
  </object>
  <object class="com.allsight.cme.preprocessor.Name3PartyAddressPreprocessor" name="crms_n3address_line_name3_address_preprocessor">
    <qualityFilter name="Address.CityName" scanId="" scanSeverity=""/>
    <qualityFilter name="Address.Country" scanId="" scanSeverity=""/>
    <qualityFilter name="Address.State" scanId="" scanSeverity=""/>
    <qualityFilter name="Address.House" scanId="" scanSeverity=""/>
    <qualityFilter name="Address.HouseNumber" scanId="" scanSeverity=""/>
    <qualityFilter name="Address.Road" scanId="" scanSeverity=""/>
    <qualityFilter name="Address.Latitude" scanId="" scanSeverity=""/>
    <qualityFilter name="Address.Longitude" scanId="" scanSeverity=""/>
    <qualityFilter name="Address.PostalCode" scanId="" scanSeverity=""/>
    <qualityFilter name="Address.PoBox" scanId="" scanSeverity=""/>
    <qualityFilter name="Address.Unit" scanId="" scanSeverity=""/>
    <qualityFilter name="Address.Level" scanId="" scanSeverity=""/>
    <qualityFilter name="Address.ZipPlusFour" scanId="" scanSeverity=""/>
  </object>
  <schema>
    <threshold>0.9</threshold>
    <maybe-threshold>0.65</maybe-threshold>
    <property type="id">
      <name>id</name>
      <query></query>
    </property>
    <property type="ignore">
      <name>dssk</name>
      <low>0.5</low>
      <high>0.5</high>
      <query></query>
    </property>
    <property type="dmk">
      <name>deterministic_key</name>
      <query></query>
    </property>
    <property>
      <name>n3org_name</name>
      <low>0.48</low>
      <high>0.71</high>
      <comparator>n3org_name_ssa-name3_generic</comparator>
      <agg-class>max-aggregator</agg-class>
      <query>n3org_name_name3_query</query>
    </property>
    <property>
      <name>n3identifier</name>
      <low>0.26759</low>
      <high>0.70322</high>
      <comparator>n3identifier_ssa-name3_generic</comparator>
      <agg-class>max-aggregator</agg-class>
      <query>n3identifier_name3_query</query>
    </property>
    <property>
      <name>n3email</name>
      <low>0.35317</low>
      <high>0.68598</high>
      <comparator>n3email_ssa-name3_generic</comparator>
      <agg-class>max-aggregator</agg-class>
      <query>n3email_name3_query</query>
    </property>
    <property>
      <name>n3phnumber</name>
      <low>0.35317</low>
      <high>0.68598</high>
      <comparator>n3phnumber_ssa-name3_generic</comparator>
      <agg-class>max-aggregator</agg-class>
      <query>n3phnumber_name3_query</query>
    </property>
    <property type="object">
      <name>n3address_line</name>
      <low>0.46567</low>
      <high>0.59334</high>
      <comparator>n3address_line_ssa-name3_address</comparator>
      <agg-class>max-aggregator</agg-class>
      <query>n3address_line_name3_address_query</query>
    </property>
  </schema>
  <relationship-bo-name>SameAs</relationship-bo-name>
  <relationship-subtype>PARTY_MATCH</relationship-subtype>
  <match-type>CC</match-type>
  <isreverse-pair>false</isreverse-pair>
  <name3-population>international</name3-population>
  <match-enabled>true</match-enabled>
  <match-config-name>sameas_org_crms</match-config-name>
  <match-config-id>sameas_customerprofile_crms</match-config-id>
  <database class="com.allsight.cme.databases.es.ElasticSearchDatabase">
    <param name="maxSearchHits" value="30"/>
    <param name="indexName" value="org"/>
    <param name="schemaGeneratorClassName" value="com.allsight.cme.CreateDukeRecordMapping"/>
    <param name="mappingFileName" value="matching_index_mapping.json"/>
    <param name="minClauses" value="1"/>
  </database>
  <data-source class="com.allsight.cme.datasources.AllSightColumnarDataSource" name="CustomerProfile" nId="15">
    <param name="source" value="true"/>
    <param name="destination" value="true"/>
    <param name="mvelString" value="return (e.getBusinessObjects(&quot;Organization&quot;) != null &amp;&amp; e.getBusinessObjects(&quot;Organization&quot;).size() &gt; 0)"/>
    <column name="id" property="id" preprocessor="com.allsight.cme.preprocessor.PartyIdDukeColumnPreProcessor"/>
    <column name="dssk" property="dssk" preprocessor="com.allsight.cme.preprocessor.PartyDsskDukeColumnPreProcessor"/>
    <column name="deterministic_key" property="deterministic_key" preprocessorName="customerprofile_deterministic_key_generic_string_preprocessor" preprocessor="com.allsight.cme.preprocessor.GenericStringPreProcessor"/>
    <column name="n3org_name" property="n3org_name" preprocessorName="customerprofile_n3org_name_name3_orgname_preprocessor" preprocessor="com.allsight.cme.preprocessor.Name3OrgNamePreProcessor"/>
    <column name="n3identifier" property="n3identifier" preprocessorName="customerprofile_n3identifier_name3_identifier_preprocessor" preprocessor="com.allsight.cme.preprocessor.Name3PartyIdentifierPreprocessor"/>
    <column name="n3email" property="n3email" preprocessorName="customerprofile_n3email_name3_email_preprocessor" preprocessor="com.allsight.cme.preprocessor.Name3EmailPreProcessor"/>
    <column name="n3phnumber" property="n3phnumber" preprocessorName="customerprofile_n3phnumber_name3_party_phone_number_preprocessor" preprocessor="com.allsight.cme.preprocessor.Name3PartyPhoneNumberPreprocessor"/>
    <column name="n3address_line" property="n3address_line" preprocessorName="customerprofile_n3address_line_name3_address_preprocessor" preprocessor="com.allsight.cme.preprocessor.Name3PartyAddressPreprocessor"/>
  </data-source>
  <data-source class="com.allsight.cme.datasources.AllSightColumnarDataSource" name="CRMS" nId="10002">
    <param name="source" value="false"/>
    <param name="destination" value="true"/>
    <param name="mvelString" value="return (e.getBusinessObjects(&quot;Organization&quot;) != null &amp;&amp; e.getBusinessObjects(&quot;Organization&quot;).size() &gt; 0)"/>
    <column name="id" property="id" preprocessor="com.allsight.cme.preprocessor.PartyIdDukeColumnPreProcessor"/>
    <column name="dssk" property="dssk" preprocessor="com.allsight.cme.preprocessor.PartyDsskDukeColumnPreProcessor"/>
    <column name="deterministic_key" property="deterministic_key" preprocessorName="crms_deterministic_key_generic_string_preprocessor" preprocessor="com.allsight.cme.preprocessor.GenericStringPreProcessor"/>
    <column name="n3org_name" property="n3org_name" preprocessorName="crms_n3org_name_name3_orgname_preprocessor" preprocessor="com.allsight.cme.preprocessor.Name3OrgNamePreProcessor"/>
    <column name="n3identifier" property="n3identifier" preprocessorName="crms_n3identifier_name3_identifier_preprocessor" preprocessor="com.allsight.cme.preprocessor.Name3PartyIdentifierPreprocessor"/>
    <column name="n3email" property="n3email" preprocessorName="crms_n3email_name3_email_preprocessor" preprocessor="com.allsight.cme.preprocessor.Name3EmailPreProcessor"/>
    <column name="n3phnumber" property="n3phnumber" preprocessorName="crms_n3phnumber_name3_party_phone_number_preprocessor" preprocessor="com.allsight.cme.preprocessor.Name3PartyPhoneNumberPreprocessor"/>
    <column name="n3address_line" property="n3address_line" preprocessorName="crms_n3address_line_name3_address_preprocessor" preprocessor="com.allsight.cme.preprocessor.Name3PartyAddressPreprocessor"/>
  </data-source>
  <match-override-rules disabled="true"><![CDATA[]]></match-override-rules>
</duke>